set,k,QQ,x_b,t,phi_x,F,sigmaF,Mean F Prediction,Std Dev Prediction,ReH_pred,ReH_std,ReE_pred,ReE_std,ReHt_pred,ReHt_std,dvcs_pred,dvcs_std
1,5.75,1.82,0.343,-0.172,7.5,0.1116,0.00492,0.11580841,0.002452032,-1.0194837,0.12527962,-1.096801,0.14011858,-1.4123564,0.18616638,0.017328748,0.0013371711
1,5.75,1.82,0.343,-0.172,22.5,0.1176,0.00468,0.11129397,0.0022694322,-1.0194837,0.12527962,-1.096801,0.14011858,-1.4123564,0.18616638,0.017328748,0.0013371711
1,5.75,1.82,0.343,-0.172,37.5,0.0998,0.0042,0.103378996,0.0019737782,-1.0194837,0.12527962,-1.096801,0.14011858,-1.4123564,0.18616638,0.017328748,0.0013371711
1,5.75,1.82,0.343,-0.172,52.5,0.0941,0.00396,0.09371157,0.0016680455,-1.0194837,0.12527962,-1.096801,0.14011858,-1.4123564,0.18616638,0.017328748,0.0013371711
1,5.75,1.82,0.343,-0.172,67.5,0.0882,0.0036,0.08380532,0.0014413691,-1.0194837,0.12527962,-1.096801,0.14011858,-1.4123564,0.18616638,0.017328748,0.0013371711
1,5.75,1.82,0.343,-0.172,82.5,0.0787,0.00336,0.07468687,0.0013311927,-1.0194837,0.12527962,-1.096801,0.14011858,-1.4123564,0.18616638,0.017328748,0.0013371711
1,5.75,1.82,0.343,-0.172,97.5,0.0672,0.00312,0.066880725,0.0013158692,-1.0194837,0.12527962,-1.096801,0.14011858,-1.4123564,0.18616638,0.017328748,0.0013371711
1,5.75,1.82,0.343,-0.172,112.5,0.0608,0.00288,0.060556464,0.001348874,-1.0194837,0.12527962,-1.096801,0.14011858,-1.4123564,0.18616638,0.017328748,0.0013371711
1,5.75,1.82,0.343,-0.172,127.5,0.0575,0.00276,0.05568964,0.0013942423,-1.0194837,0.12527962,-1.096801,0.14011858,-1.4123564,0.18616638,0.017328748,0.0013371711
1,5.75,1.82,0.343,-0.172,142.5,0.0501,0.00252,0.05217807,0.0014339681,-1.0194837,0.12527962,-1.096801,0.14011858,-1.4123564,0.18616638,0.017328748,0.0013371711
1,5.75,1.82,0.343,-0.172,157.5,0.0499,0.00252,0.049910076,0.0014614929,-1.0194837,0.12527962,-1.096801,0.14011858,-1.4123564,0.18616638,0.017328748,0.0013371711
1,5.75,1.82,0.343,-0.172,172.5,0.0481,0.0024,0.04879911,0.0014752827,-1.0194837,0.12527962,-1.096801,0.14011858,-1.4123564,0.18616638,0.017328748,0.0013371711
1,5.75,1.82,0.343,-0.172,187.5,0.0483,0.0024,0.04879911,0.001475283,-1.0194837,0.12527962,-1.096801,0.14011858,-1.4123564,0.18616638,0.017328748,0.0013371711
1,5.75,1.82,0.343,-0.172,202.5,0.0532,0.00252,0.049910076,0.0014614929,-1.0194837,0.12527962,-1.096801,0.14011858,-1.4123564,0.18616638,0.017328748,0.0013371711
1,5.75,1.82,0.343,-0.172,217.5,0.0527,0.00264,0.05217807,0.0014339681,-1.0194837,0.12527962,-1.096801,0.14011858,-1.4123564,0.18616638,0.017328748,0.0013371711
1,5.75,1.82,0.343,-0.172,232.5,0.0552,0.00264,0.05568964,0.0013942423,-1.0194837,0.12527962,-1.096801,0.14011858,-1.4123564,0.18616638,0.017328748,0.0013371711
1,5.75,1.82,0.343,-0.172,247.5,0.0585,0.00276,0.060556464,0.001348874,-1.0194837,0.12527962,-1.096801,0.14011858,-1.4123564,0.18616638,0.017328748,0.0013371711
1,5.75,1.82,0.343,-0.172,262.5,0.0631,0.00288,0.06688072,0.0013158694,-1.0194837,0.12527962,-1.096801,0.14011858,-1.4123564,0.18616638,0.017328748,0.0013371711
1,5.75,1.82,0.343,-0.172,277.5,0.0742,0.00324,0.074686855,0.0013311928,-1.0194837,0.12527962,-1.096801,0.14011858,-1.4123564,0.18616638,0.017328748,0.0013371711
1,5.75,1.82,0.343,-0.172,292.5,0.0818,0.00348,0.08380532,0.0014413691,-1.0194837,0.12527962,-1.096801,0.14011858,-1.4123564,0.18616638,0.017328748,0.0013371711
1,5.75,1.82,0.343,-0.172,307.5,0.0967,0.00384,0.09371157,0.0016680455,-1.0194837,0.12527962,-1.096801,0.14011858,-1.4123564,0.18616638,0.017328748,0.0013371711
1,5.75,1.82,0.343,-0.172,322.5,0.1056,0.0042,0.103378996,0.0019737782,-1.0194837,0.12527962,-1.096801,0.14011858,-1.4123564,0.18616638,0.017328748,0.0013371711
1,5.75,1.82,0.343,-0.172,337.5,0.1086,0.00456,0.11129397,0.0022694317,-1.0194837,0.12527962,-1.096801,0.14011858,-1.4123564,0.18616638,0.017328748,0.0013371711
1,5.75,1.82,0.343,-0.172,352.5,0.1136,0.0048,0.11580841,0.0024520317,-1.0194837,0.12527962,-1.096801,0.14011858,-1.4123564,0.18616638,0.017328748,0.0013371711
2,5.75,1.933,0.368,-0.232,7.5,0.0769,0.00504,0.07577279,0.0025201659,-1.35215,0.15277795,-1.4116617,0.17280439,-1.6768615,0.22453581,0.01238231,0.0012655294
2,5.75,1.933,0.368,-0.232,22.5,0.0686,0.00444,0.07211115,0.0022614598,-1.35215,0.15277795,-1.4116617,0.17280439,-1.6768615,0.22453581,0.01238231,0.0012655294
2,5.75,1.933,0.368,-0.232,37.5,0.0617,0.00384,0.06598063,0.0018726,-1.35215,0.15277795,-1.4116617,0.17280439,-1.6768615,0.22453581,0.01238231,0.0012655294
2,5.75,1.933,0.368,-0.232,52.5,0.0669,0.0036,0.058950827,0.0015214945,-1.35215,0.15277795,-1.4116617,0.17280439,-1.6768615,0.22453581,0.01238231,0.0012655294
2,5.75,1.933,0.368,-0.232,67.5,0.0555,0.00324,0.05221595,0.0013177485,-1.35215,0.15277795,-1.4116617,0.17280439,-1.6768615,0.22453581,0.01238231,0.0012655294
2,5.75,1.933,0.368,-0.232,82.5,0.0461,0.00288,0.046389416,0.0012626905,-1.35215,0.15277795,-1.4116617,0.17280439,-1.6768615,0.22453581,0.01238231,0.0012655294
2,5.75,1.933,0.368,-0.232,97.5,0.0401,0.00252,0.041653972,0.001288454,-1.35215,0.15277795,-1.4116617,0.17280439,-1.6768615,0.22453581,0.01238231,0.0012655294
2,5.75,1.933,0.368,-0.232,112.5,0.0377,0.0024,0.037970103,0.0013360184,-1.35215,0.15277795,-1.4116617,0.17280439,-1.6768615,0.22453581,0.01238231,0.0012655294
2,5.75,1.933,0.368,-0.232,127.5,0.034,0.00216,0.03521876,0.0013785852,-1.35215,0.15277795,-1.4116617,0.17280439,-1.6768615,0.22453581,0.01238231,0.0012655294
2,5.75,1.933,0.368,-0.232,142.5,0.0339,0.00204,0.033274516,0.0014090039,-1.35215,0.15277795,-1.4116617,0.17280439,-1.6768615,0.22453581,0.01238231,0.0012655294
2,5.75,1.933,0.368,-0.232,157.5,0.0346,0.00204,0.03203559,0.0014275772,-1.35215,0.15277795,-1.4116617,0.17280439,-1.6768615,0.22453581,0.01238231,0.0012655294
2,5.75,1.933,0.368,-0.232,172.5,0.0307,0.00192,0.031433202,0.0014362149,-1.35215,0.15277795,-1.4116617,0.17280439,-1.6768615,0.22453581,0.01238231,0.0012655294
2,5.75,1.933,0.368,-0.232,187.5,0.0315,0.00192,0.031433202,0.0014362149,-1.35215,0.15277795,-1.4116617,0.17280439,-1.6768615,0.22453581,0.01238231,0.0012655294
2,5.75,1.933,0.368,-0.232,202.5,0.0357,0.00204,0.03203559,0.0014275772,-1.35215,0.15277795,-1.4116617,0.17280439,-1.6768615,0.22453581,0.01238231,0.0012655294
2,5.75,1.933,0.368,-0.232,217.5,0.0333,0.00204,0.033274516,0.001409004,-1.35215,0.15277795,-1.4116617,0.17280439,-1.6768615,0.22453581,0.01238231,0.0012655294
2,5.75,1.933,0.368,-0.232,232.5,0.0337,0.00216,0.035218753,0.0013785852,-1.35215,0.15277795,-1.4116617,0.17280439,-1.6768615,0.22453581,0.01238231,0.0012655294
2,5.75,1.933,0.368,-0.232,247.5,0.0377,0.0024,0.037970092,0.0013360186,-1.35215,0.15277795,-1.4116617,0.17280439,-1.6768615,0.22453581,0.01238231,0.0012655294
2,5.75,1.933,0.368,-0.232,262.5,0.0404,0.00252,0.041653972,0.001288454,-1.35215,0.15277795,-1.4116617,0.17280439,-1.6768615,0.22453581,0.01238231,0.0012655294
2,5.75,1.933,0.368,-0.232,277.5,0.0429,0.00276,0.0463894,0.0012626904,-1.35215,0.15277795,-1.4116617,0.17280439,-1.6768615,0.22453581,0.01238231,0.0012655294
2,5.75,1.933,0.368,-0.232,292.5,0.0528,0.00312,0.05221595,0.0013177485,-1.35215,0.15277795,-1.4116617,0.17280439,-1.6768615,0.22453581,0.01238231,0.0012655294
2,5.75,1.933,0.368,-0.232,307.5,0.0593,0.00336,0.058950827,0.0015214945,-1.35215,0.15277795,-1.4116617,0.17280439,-1.6768615,0.22453581,0.01238231,0.0012655294
2,5.75,1.933,0.368,-0.232,322.5,0.062,0.00384,0.06598063,0.0018725999,-1.35215,0.15277795,-1.4116617,0.17280439,-1.6768615,0.22453581,0.01238231,0.0012655294
2,5.75,1.933,0.368,-0.232,337.5,0.0733,0.00456,0.07211115,0.0022614596,-1.35215,0.15277795,-1.4116617,0.17280439,-1.6768615,0.22453581,0.01238231,0.0012655294
2,5.75,1.933,0.368,-0.232,352.5,0.0768,0.00504,0.075772785,0.0025201663,-1.35215,0.15277795,-1.4116617,0.17280439,-1.6768615,0.22453581,0.01238231,0.0012655294
3,5.75,1.964,0.375,-0.278,7.5,0.0752,0.00672,0.06538661,0.003445398,-1.5518788,0.20823935,-1.5649831,0.21093982,-1.8323001,0.2929676,0.011565756,0.001415923
3,5.75,1.964,0.375,-0.278,22.5,0.0597,0.0054,0.061566174,0.002984469,-1.5518788,0.20823935,-1.5649831,0.21093982,-1.8323001,0.2929676,0.011565756,0.001415923
3,5.75,1.964,0.375,-0.278,37.5,0.0579,0.00456,0.055476505,0.0023275337,-1.5518788,0.20823935,-1.5649831,0.21093982,-1.8323001,0.2929676,0.011565756,0.001415923
3,5.75,1.964,0.375,-0.278,52.5,0.0504,0.00384,0.0489188,0.0017780811,-1.5518788,0.20823935,-1.5649831,0.21093982,-1.8323001,0.2929676,0.011565756,0.001415923
3,5.75,1.964,0.375,-0.278,67.5,0.04,0.00336,0.043009833,0.0014902891,-1.5518788,0.20823935,-1.5649831,0.21093982,-1.8323001,0.2929676,0.011565756,0.001415923
3,5.75,1.964,0.375,-0.278,82.5,0.0361,0.003,0.038153723,0.0014223314,-1.5518788,0.20823935,-1.5649831,0.21093982,-1.8323001,0.2929676,0.011565756,0.001415923
3,5.75,1.964,0.375,-0.278,97.5,0.0352,0.00264,0.034358058,0.0014501471,-1.5518788,0.20823935,-1.5649831,0.21093982,-1.8323001,0.2929676,0.011565756,0.001415923
3,5.75,1.964,0.375,-0.278,112.5,0.033,0.00252,0.031485986,0.001494705,-1.5518788,0.20823935,-1.5649831,0.21093982,-1.8323001,0.2929676,0.011565756,0.001415923
3,5.75,1.964,0.375,-0.278,127.5,0.0293,0.00216,0.029380588,0.0015296668,-1.5518788,0.20823935,-1.5649831,0.21093982,-1.8323001,0.2929676,0.011565756,0.001415923
3,5.75,1.964,0.375,-0.278,142.5,0.028,0.00204,0.02791044,0.0015516854,-1.5518788,0.20823935,-1.5649831,0.21093982,-1.8323001,0.2929676,0.011565756,0.001415923
3,5.75,1.964,0.375,-0.278,157.5,0.0263,0.00204,0.026980253,0.0015636598,-1.5518788,0.20823935,-1.5649831,0.21093982,-1.8323001,0.2929676,0.011565756,0.001415923
3,5.75,1.964,0.375,-0.278,172.5,0.0268,0.00204,0.026529677,0.0015687643,-1.5518788,0.20823935,-1.5649831,0.21093982,-1.8323001,0.2929676,0.011565756,0.001415923
3,5.75,1.964,0.375,-0.278,187.5,0.0266,0.00204,0.026529677,0.0015687643,-1.5518788,0.20823935,-1.5649831,0.21093982,-1.8323001,0.2929676,0.011565756,0.001415923
3,5.75,1.964,0.375,-0.278,202.5,0.0247,0.00192,0.026980253,0.0015636598,-1.5518788,0.20823935,-1.5649831,0.21093982,-1.8323001,0.2929676,0.011565756,0.001415923
3,5.75,1.964,0.375,-0.278,217.5,0.0284,0.00216,0.02791044,0.0015516854,-1.5518788,0.20823935,-1.5649831,0.21093982,-1.8323001,0.2929676,0.011565756,0.001415923
3,5.75,1.964,0.375,-0.278,232.5,0.0284,0.00228,0.029380588,0.0015296666,-1.5518788,0.20823935,-1.5649831,0.21093982,-1.8323001,0.2929676,0.011565756,0.001415923
3,5.75,1.964,0.375,-0.278,247.5,0.0373,0.00264,0.03148598,0.0014947049,-1.5518788,0.20823935,-1.5649831,0.21093982,-1.8323001,0.2929676,0.011565756,0.001415923
3,5.75,1.964,0.375,-0.278,262.5,0.0378,0.00276,0.034358058,0.0014501474,-1.5518788,0.20823935,-1.5649831,0.21093982,-1.8323001,0.2929676,0.011565756,0.001415923
3,5.75,1.964,0.375,-0.278,277.5,0.0402,0.00288,0.038153715,0.0014223314,-1.5518788,0.20823935,-1.5649831,0.21093982,-1.8323001,0.2929676,0.011565756,0.001415923
3,5.75,1.964,0.375,-0.278,292.5,0.0426,0.00324,0.043009833,0.0014902891,-1.5518788,0.20823935,-1.5649831,0.21093982,-1.8323001,0.2929676,0.011565756,0.001415923
3,5.75,1.964,0.375,-0.278,307.5,0.0468,0.00372,0.0489188,0.0017780811,-1.5518788,0.20823935,-1.5649831,0.21093982,-1.8323001,0.2929676,0.011565756,0.001415923
3,5.75,1.964,0.375,-0.278,322.5,0.048,0.0042,0.055476494,0.0023275323,-1.5518788,0.20823935,-1.5649831,0.21093982,-1.8323001,0.2929676,0.011565756,0.001415923
3,5.75,1.964,0.375,-0.278,337.5,0.0603,0.0054,0.06156618,0.0029844688,-1.5518788,0.20823935,-1.5649831,0.21093982,-1.8323001,0.2929676,0.011565756,0.001415923
3,5.75,1.964,0.375,-0.278,352.5,0.0607,0.00636,0.0653866,0.0034453983,-1.5518788,0.20823935,-1.5649831,0.21093982,-1.8323001,0.2929676,0.011565756,0.001415923
4,5.75,1.986,0.379,-0.323,7.5,0.0662,0.00924,0.060241167,0.004614609,-1.4655145,0.26795578,-1.4612726,0.25032613,-1.8042858,0.41473326,0.009828647,0.0016085079
4,5.75,1.986,0.379,-0.323,22.5,0.0641,0.00756,0.05566283,0.003836917,-1.4655145,0.26795578,-1.4612726,0.25032613,-1.8042858,0.41473326,0.009828647,0.0016085079
4,5.75,1.986,0.379,-0.323,37.5,0.0439,0.0054,0.048779875,0.0027899875,-1.4655145,0.26795578,-1.4612726,0.25032613,-1.8042858,0.41473326,0.009828647,0.0016085079
4,5.75,1.986,0.379,-0.323,52.5,0.0425,0.00456,0.04188451,0.0019821024,-1.4655145,0.26795578,-1.4612726,0.25032613,-1.8042858,0.41473326,0.009828647,0.0016085079
4,5.75,1.986,0.379,-0.323,67.5,0.0353,0.00372,0.03608243,0.0016093305,-1.4655145,0.26795578,-1.4612726,0.25032613,-1.8042858,0.41473326,0.009828647,0.0016085079
4,5.75,1.986,0.379,-0.323,82.5,0.0294,0.00336,0.031577207,0.0015460697,-1.4655145,0.26795578,-1.4612726,0.25032613,-1.8042858,0.41473326,0.009828647,0.0016085079
4,5.75,1.986,0.379,-0.323,97.5,0.0274,0.00288,0.028206704,0.0015869897,-1.4655145,0.26795578,-1.4612726,0.25032613,-1.8042858,0.41473326,0.009828647,0.0016085079
4,5.75,1.986,0.379,-0.323,112.5,0.024,0.00252,0.025737645,0.0016337873,-1.4655145,0.26795578,-1.4612726,0.25032613,-1.8042858,0.41473326,0.009828647,0.0016085079
4,5.75,1.986,0.379,-0.323,127.5,0.0255,0.0024,0.02396918,0.0016642725,-1.4655145,0.26795578,-1.4612726,0.25032613,-1.8042858,0.41473326,0.009828647,0.0016085079
4,5.75,1.986,0.379,-0.323,142.5,0.0224,0.00228,0.022753917,0.0016802312,-1.4655145,0.26795578,-1.4612726,0.25032613,-1.8042858,0.41473326,0.009828647,0.0016085079
4,5.75,1.986,0.379,-0.323,157.5,0.0213,0.00252,0.021992924,0.0016873069,-1.4655145,0.26795578,-1.4612726,0.25032613,-1.8042858,0.41473326,0.009828647,0.0016085079
4,5.75,1.986,0.379,-0.323,172.5,0.0174,0.0024,0.02162643,0.0016897888,-1.4655145,0.26795578,-1.4612726,0.25032613,-1.8042858,0.41473326,0.009828647,0.0016085079
4,5.75,1.986,0.379,-0.323,187.5,0.0214,0.00252,0.02162643,0.0016897888,-1.4655145,0.26795578,-1.4612726,0.25032613,-1.8042858,0.41473326,0.009828647,0.0016085079
4,5.75,1.986,0.379,-0.323,202.5,0.0225,0.00252,0.021992924,0.0016873069,-1.4655145,0.26795578,-1.4612726,0.25032613,-1.8042858,0.41473326,0.009828647,0.0016085079
4,5.75,1.986,0.379,-0.323,217.5,0.0251,0.00252,0.022753917,0.0016802312,-1.4655145,0.26795578,-1.4612726,0.25032613,-1.8042858,0.41473326,0.009828647,0.0016085079
4,5.75,1.986,0.379,-0.323,232.5,0.026,0.00252,0.02396918,0.0016642727,-1.4655145,0.26795578,-1.4612726,0.25032613,-1.8042858,0.41473326,0.009828647,0.0016085079
4,5.75,1.986,0.379,-0.323,247.5,0.0305,0.00288,0.025737638,0.0016337872,-1.4655145,0.26795578,-1.4612726,0.25032613,-1.8042858,0.41473326,0.009828647,0.0016085079
4,5.75,1.986,0.379,-0.323,262.5,0.0282,0.003,0.0282067,0.0015869897,-1.4655145,0.26795578,-1.4612726,0.25032613,-1.8042858,0.41473326,0.009828647,0.0016085079
4,5.75,1.986,0.379,-0.323,277.5,0.0326,0.00324,0.0315772,0.0015460699,-1.4655145,0.26795578,-1.4612726,0.25032613,-1.8042858,0.41473326,0.009828647,0.0016085079
4,5.75,1.986,0.379,-0.323,292.5,0.0364,0.00372,0.03608243,0.0016093305,-1.4655145,0.26795578,-1.4612726,0.25032613,-1.8042858,0.41473326,0.009828647,0.0016085079
4,5.75,1.986,0.379,-0.323,307.5,0.0474,0.00456,0.04188451,0.0019821024,-1.4655145,0.26795578,-1.4612726,0.25032613,-1.8042858,0.41473326,0.009828647,0.0016085079
4,5.75,1.986,0.379,-0.323,322.5,0.046,0.00564,0.048779864,0.002789986,-1.4655145,0.26795578,-1.4612726,0.25032613,-1.8042858,0.41473326,0.009828647,0.0016085079
4,5.75,1.986,0.379,-0.323,337.5,0.0526,0.00756,0.055662837,0.0038369158,-1.4655145,0.26795578,-1.4612726,0.25032613,-1.8042858,0.41473326,0.009828647,0.0016085079
4,5.75,1.986,0.379,-0.323,352.5,0.05,0.00876,0.06024114,0.0046146065,-1.4655145,0.26795578,-1.4612726,0.25032613,-1.8042858,0.41473326,0.009828647,0.0016085079
5,5.75,1.999,0.381,-0.371,7.5,0.0706,0.01416,0.062450852,0.00619666,-1.1735883,0.37741154,-1.197216,0.33538347,-1.3652265,0.48372906,0.010357155,0.0017816545
5,5.75,1.999,0.381,-0.371,22.5,0.0663,0.01044,0.05593324,0.0049231765,-1.1735883,0.37741154,-1.197216,0.33538347,-1.3652265,0.48372906,0.010357155,0.0017816545
5,5.75,1.999,0.381,-0.371,37.5,0.0451,0.00684,0.046879265,0.0033258458,-1.1735883,0.37741154,-1.197216,0.33538347,-1.3652265,0.48372906,0.010357155,0.0017816545
5,5.75,1.999,0.381,-0.371,52.5,0.039,0.0054,0.03863825,0.002204702,-1.1735883,0.37741154,-1.197216,0.33538347,-1.3652265,0.48372906,0.010357155,0.0017816545
5,5.75,1.999,0.381,-0.371,67.5,0.041,0.00444,0.032307617,0.0017574292,-1.1735883,0.37741154,-1.197216,0.33538347,-1.3652265,0.48372906,0.010357155,0.0017816545
5,5.75,1.999,0.381,-0.371,82.5,0.0267,0.00348,0.02776069,0.0017088366,-1.1735883,0.37741154,-1.197216,0.33538347,-1.3652265,0.48372906,0.010357155,0.0017816545
5,5.75,1.999,0.381,-0.371,97.5,0.0292,0.00336,0.024568837,0.0017596137,-1.1735883,0.37741154,-1.197216,0.33538347,-1.3652265,0.48372906,0.010357155,0.0017816545
5,5.75,1.999,0.381,-0.371,112.5,0.0259,0.00312,0.022345928,0.0018031156,-1.1735883,0.37741154,-1.197216,0.33538347,-1.3652265,0.48372906,0.010357155,0.0017816545
5,5.75,1.999,0.381,-0.371,127.5,0.0214,0.00288,0.020814693,0.0018254743,-1.1735883,0.37741154,-1.197216,0.33538347,-1.3652265,0.48372906,0.010357155,0.0017816545
5,5.75,1.999,0.381,-0.371,142.5,0.0161,0.00288,0.019792361,0.0018336248,-1.1735883,0.37741154,-1.197216,0.33538347,-1.3652265,0.48372906,0.010357155,0.0017816545
5,5.75,1.999,0.381,-0.371,157.5,0.0135,0.00324,0.01916473,0.0018351611,-1.1735883,0.37741154,-1.197216,0.33538347,-1.3652265,0.48372906,0.010357155,0.0017816545
5,5.75,1.999,0.381,-0.371,172.5,0.0175,0.00384,0.018865937,0.0018348558,-1.1735883,0.37741154,-1.197216,0.33538347,-1.3652265,0.48372906,0.010357155,0.0017816545
5,5.75,1.999,0.381,-0.371,187.5,0.0205,0.00384,0.018865937,0.0018348558,-1.1735883,0.37741154,-1.197216,0.33538347,-1.3652265,0.48372906,0.010357155,0.0017816545
5,5.75,1.999,0.381,-0.371,202.5,0.0217,0.00348,0.01916473,0.0018351611,-1.1735883,0.37741154,-1.197216,0.33538347,-1.3652265,0.48372906,0.010357155,0.0017816545
5,5.75,1.999,0.381,-0.371,217.5,0.0265,0.00312,0.019792361,0.0018336248,-1.1735883,0.37741154,-1.197216,0.33538347,-1.3652265,0.48372906,0.010357155,0.0017816545
5,5.75,1.999,0.381,-0.371,232.5,0.0201,0.00264,0.020814694,0.0018254744,-1.1735883,0.37741154,-1.197216,0.33538347,-1.3652265,0.48372906,0.010357155,0.0017816545
5,5.75,1.999,0.381,-0.371,247.5,0.0257,0.00312,0.022345925,0.0018031156,-1.1735883,0.37741154,-1.197216,0.33538347,-1.3652265,0.48372906,0.010357155,0.0017816545
5,5.75,1.999,0.381,-0.371,262.5,0.0217,0.00312,0.024568828,0.0017596137,-1.1735883,0.37741154,-1.197216,0.33538347,-1.3652265,0.48372906,0.010357155,0.0017816545
5,5.75,1.999,0.381,-0.371,277.5,0.0262,0.00348,0.02776068,0.0017088366,-1.1735883,0.37741154,-1.197216,0.33538347,-1.3652265,0.48372906,0.010357155,0.0017816545
5,5.75,1.999,0.381,-0.371,292.5,0.0297,0.0042,0.032307617,0.0017574292,-1.1735883,0.37741154,-1.197216,0.33538347,-1.3652265,0.48372906,0.010357155,0.0017816545
5,5.75,1.999,0.381,-0.371,307.5,0.0338,0.00492,0.03863825,0.002204702,-1.1735883,0.37741154,-1.197216,0.33538347,-1.3652265,0.48372906,0.010357155,0.0017816545
5,5.75,1.999,0.381,-0.371,322.5,0.0396,0.00684,0.04687924,0.0033258433,-1.1735883,0.37741154,-1.197216,0.33538347,-1.3652265,0.48372906,0.010357155,0.0017816545
5,5.75,1.999,0.381,-0.371,337.5,0.0449,0.00984,0.055933252,0.004923175,-1.1735883,0.37741154,-1.197216,0.33538347,-1.3652265,0.48372906,0.010357155,0.0017816545
5,5.75,1.999,0.381,-0.371,352.5,0.0595,0.01392,0.062450867,0.006196659,-1.1735883,0.37741154,-1.197216,0.33538347,-1.3652265,0.48372906,0.010357155,0.0017816545
6,5.75,2.218,0.345,-0.176,7.5,0.1043,0.00432,0.10828207,0.0021789442,-1.029082,0.15358989,-1.0690267,0.15309983,-1.4033082,0.2085692,0.00834102,0.0013162771
6,5.75,2.218,0.345,-0.176,22.5,0.1086,0.00432,0.10389195,0.0020315847,-1.029082,0.15358989,-1.0690267,0.15309983,-1.4033082,0.2085692,0.00834102,0.0013162771
6,5.75,2.218,0.345,-0.176,37.5,0.1003,0.00408,0.09618094,0.0017948307,-1.029082,0.15358989,-1.0690267,0.15309983,-1.4033082,0.2085692,0.00834102,0.0013162771
6,5.75,2.218,0.345,-0.176,52.5,0.0912,0.00384,0.086736485,0.0015545929,-1.029082,0.15358989,-1.0690267,0.15309983,-1.4033082,0.2085692,0.00834102,0.0013162771
6,5.75,2.218,0.345,-0.176,67.5,0.0768,0.00348,0.07702532,0.0013838314,-1.029082,0.15358989,-1.0690267,0.15309983,-1.4033082,0.2085692,0.00834102,0.0013162771
6,5.75,2.218,0.345,-0.176,82.5,0.073,0.00336,0.06805322,0.0013100771,-1.029082,0.15358989,-1.0690267,0.15309983,-1.4033082,0.2085692,0.00834102,0.0013162771
6,5.75,2.218,0.345,-0.176,97.5,0.0565,0.003,0.06034462,0.0013126718,-1.029082,0.15358989,-1.0690267,0.15309983,-1.4033082,0.2085692,0.00834102,0.0013162771
6,5.75,2.218,0.345,-0.176,112.5,0.0557,0.00276,0.054079425,0.0013529875,-1.029082,0.15358989,-1.0690267,0.15309983,-1.4033082,0.2085692,0.00834102,0.0013162771
6,5.75,2.218,0.345,-0.176,127.5,0.049,0.00264,0.04924544,0.0014015576,-1.029082,0.15358989,-1.0690267,0.15309983,-1.4033082,0.2085692,0.00834102,0.0013162771
6,5.75,2.218,0.345,-0.176,142.5,0.047,0.00252,0.045750763,0.0014432239,-1.029082,0.15358989,-1.0690267,0.15309983,-1.4033082,0.2085692,0.00834102,0.0013162771
6,5.75,2.218,0.345,-0.176,157.5,0.0411,0.0024,0.043490727,0.0014721246,-1.029082,0.15358989,-1.0690267,0.15309983,-1.4033082,0.2085692,0.00834102,0.0013162771
6,5.75,2.218,0.345,-0.176,172.5,0.0416,0.0024,0.042382814,0.0014866722,-1.029082,0.15358989,-1.0690267,0.15309983,-1.4033082,0.2085692,0.00834102,0.0013162771
6,5.75,2.218,0.345,-0.176,187.5,0.0385,0.00228,0.042382814,0.0014866723,-1.029082,0.15358989,-1.0690267,0.15309983,-1.4033082,0.2085692,0.00834102,0.0013162771
6,5.75,2.218,0.345,-0.176,202.5,0.0411,0.00228,0.043490727,0.0014721245,-1.029082,0.15358989,-1.0690267,0.15309983,-1.4033082,0.2085692,0.00834102,0.0013162771
6,5.75,2.218,0.345,-0.176,217.5,0.0453,0.00252,0.045750763,0.001443224,-1.029082,0.15358989,-1.0690267,0.15309983,-1.4033082,0.2085692,0.00834102,0.0013162771
6,5.75,2.218,0.345,-0.176,232.5,0.0513,0.00264,0.049245436,0.0014015576,-1.029082,0.15358989,-1.0690267,0.15309983,-1.4033082,0.2085692,0.00834102,0.0013162771
6,5.75,2.218,0.345,-0.176,247.5,0.0533,0.00276,0.0540794,0.0013529876,-1.029082,0.15358989,-1.0690267,0.15309983,-1.4033082,0.2085692,0.00834102,0.0013162771
6,5.75,2.218,0.345,-0.176,262.5,0.0622,0.003,0.060344607,0.0013126718,-1.029082,0.15358989,-1.0690267,0.15309983,-1.4033082,0.2085692,0.00834102,0.0013162771
6,5.75,2.218,0.345,-0.176,277.5,0.07,0.00324,0.06805318,0.0013100769,-1.029082,0.15358989,-1.0690267,0.15309983,-1.4033082,0.2085692,0.00834102,0.0013162771
6,5.75,2.218,0.345,-0.176,292.5,0.0801,0.00348,0.07702532,0.0013838314,-1.029082,0.15358989,-1.0690267,0.15309983,-1.4033082,0.2085692,0.00834102,0.0013162771
6,5.75,2.218,0.345,-0.176,307.5,0.0874,0.00372,0.086736485,0.0015545929,-1.029082,0.15358989,-1.0690267,0.15309983,-1.4033082,0.2085692,0.00834102,0.0013162771
6,5.75,2.218,0.345,-0.176,322.5,0.0974,0.00396,0.09618094,0.0017948301,-1.029082,0.15358989,-1.0690267,0.15309983,-1.4033082,0.2085692,0.00834102,0.0013162771
6,5.75,2.218,0.345,-0.176,337.5,0.0992,0.0042,0.103891894,0.0020315836,-1.029082,0.15358989,-1.0690267,0.15309983,-1.4033082,0.2085692,0.00834102,0.0013162771
6,5.75,2.218,0.345,-0.176,352.5,0.0986,0.00432,0.10828207,0.0021789442,-1.029082,0.15358989,-1.0690267,0.15309983,-1.4033082,0.2085692,0.00834102,0.0013162771
7,5.75,2.318,0.363,-0.232,7.5,0.0803,0.0042,0.08105956,0.0022042994,-1.4431016,0.1608382,-1.3062433,0.16009481,-1.7118852,0.21234454,0.0074596875,0.0011614542
7,5.75,2.318,0.363,-0.232,22.5,0.0806,0.00396,0.07659853,0.0019967442,-1.4431016,0.1608382,-1.3062433,0.16009481,-1.7118852,0.21234454,0.0074596875,0.0011614542
7,5.75,2.318,0.363,-0.232,37.5,0.0705,0.0036,0.06918884,0.0016847389,-1.4431016,0.1608382,-1.3062433,0.16009481,-1.7118852,0.21234454,0.0074596875,0.0011614542
7,5.75,2.318,0.363,-0.232,52.5,0.0604,0.00324,0.06078425,0.00139986,-1.4431016,0.1608382,-1.3062433,0.16009481,-1.7118852,0.21234454,0.0074596875,0.0011614542
7,5.75,2.318,0.363,-0.232,67.5,0.0513,0.00288,0.0528265,0.0012250862,-1.4431016,0.1608382,-1.3062433,0.16009481,-1.7118852,0.21234454,0.0074596875,0.0011614542
7,5.75,2.318,0.363,-0.232,82.5,0.0463,0.00264,0.046020065,0.0011637165,-1.4431016,0.1608382,-1.3062433,0.16009481,-1.7118852,0.21234454,0.0074596875,0.0011614542
7,5.75,2.318,0.363,-0.232,97.5,0.0426,0.0024,0.040545665,0.0011696208,-1.4431016,0.1608382,-1.3062433,0.16009481,-1.7118852,0.21234454,0.0074596875,0.0011614542
7,5.75,2.318,0.363,-0.232,112.5,0.0353,0.00216,0.036326174,0.0011990861,-1.4431016,0.1608382,-1.3062433,0.16009481,-1.7118852,0.21234454,0.0074596875,0.0011614542
7,5.75,2.318,0.363,-0.232,127.5,0.0348,0.00204,0.033199757,0.0012294156,-1.4431016,0.1608382,-1.3062433,0.16009481,-1.7118852,0.21234454,0.0074596875,0.0011614542
7,5.75,2.318,0.363,-0.232,142.5,0.0284,0.00192,0.031004753,0.0012527175,-1.4431016,0.1608382,-1.3062433,0.16009481,-1.7118852,0.21234454,0.0074596875,0.0011614542
7,5.75,2.318,0.363,-0.232,157.5,0.0309,0.00192,0.029612731,0.0012676328,-1.4431016,0.1608382,-1.3062433,0.16009481,-1.7118852,0.21234454,0.0074596875,0.0011614542
7,5.75,2.318,0.363,-0.232,172.5,0.0257,0.0018,0.028937956,0.0012747723,-1.4431016,0.1608382,-1.3062433,0.16009481,-1.7118852,0.21234454,0.0074596875,0.0011614542
7,5.75,2.318,0.363,-0.232,187.5,0.0277,0.0018,0.028937956,0.0012747725,-1.4431016,0.1608382,-1.3062433,0.16009481,-1.7118852,0.21234454,0.0074596875,0.0011614542
7,5.75,2.318,0.363,-0.232,202.5,0.0297,0.00192,0.029612731,0.0012676328,-1.4431016,0.1608382,-1.3062433,0.16009481,-1.7118852,0.21234454,0.0074596875,0.0011614542
7,5.75,2.318,0.363,-0.232,217.5,0.0314,0.00192,0.031004753,0.0012527173,-1.4431016,0.1608382,-1.3062433,0.16009481,-1.7118852,0.21234454,0.0074596875,0.0011614542
7,5.75,2.318,0.363,-0.232,232.5,0.0344,0.00204,0.03319976,0.0012294156,-1.4431016,0.1608382,-1.3062433,0.16009481,-1.7118852,0.21234454,0.0074596875,0.0011614542
7,5.75,2.318,0.363,-0.232,247.5,0.0358,0.00216,0.03632618,0.0011990861,-1.4431016,0.1608382,-1.3062433,0.16009481,-1.7118852,0.21234454,0.0074596875,0.0011614542
7,5.75,2.318,0.363,-0.232,262.5,0.0424,0.0024,0.040545665,0.0011696208,-1.4431016,0.1608382,-1.3062433,0.16009481,-1.7118852,0.21234454,0.0074596875,0.0011614542
7,5.75,2.318,0.363,-0.232,277.5,0.0439,0.00252,0.046020042,0.0011637167,-1.4431016,0.1608382,-1.3062433,0.16009481,-1.7118852,0.21234454,0.0074596875,0.0011614542
7,5.75,2.318,0.363,-0.232,292.5,0.0546,0.00276,0.0528265,0.0012250862,-1.4431016,0.1608382,-1.3062433,0.16009481,-1.7118852,0.21234454,0.0074596875,0.0011614542
7,5.75,2.318,0.363,-0.232,307.5,0.0633,0.00312,0.06078425,0.00139986,-1.4431016,0.1608382,-1.3062433,0.16009481,-1.7118852,0.21234454,0.0074596875,0.0011614542
7,5.75,2.318,0.363,-0.232,322.5,0.0668,0.00348,0.06918884,0.0016847389,-1.4431016,0.1608382,-1.3062433,0.16009481,-1.7118852,0.21234454,0.0074596875,0.0011614542
7,5.75,2.318,0.363,-0.232,337.5,0.0752,0.00396,0.07659854,0.0019967442,-1.4431016,0.1608382,-1.3062433,0.16009481,-1.7118852,0.21234454,0.0074596875,0.0011614542
7,5.75,2.318,0.363,-0.232,352.5,0.0773,0.0042,0.08105957,0.002204299,-1.4431016,0.1608382,-1.3062433,0.16009481,-1.7118852,0.21234454,0.0074596875,0.0011614542
8,5.75,2.348,0.368,-0.279,7.5,0.0666,0.00504,0.067042984,0.0030158935,-1.9370589,0.2245664,-1.8108852,0.22203138,-2.2946799,0.29253867,0.005542049,0.0013625436
8,5.75,2.348,0.368,-0.279,22.5,0.0719,0.0048,0.06251554,0.0026231133,-1.9370589,0.2245664,-1.8108852,0.22203138,-2.2946799,0.29253867,0.005542049,0.0013625436
8,5.75,2.348,0.368,-0.279,37.5,0.058,0.00384,0.055406775,0.002072496,-1.9370589,0.2245664,-1.8108852,0.22203138,-2.2946799,0.29253867,0.005542049,0.0013625436
8,5.75,2.348,0.368,-0.279,52.5,0.0482,0.00336,0.047891222,0.0016247511,-1.9370589,0.2245664,-1.8108852,0.22203138,-2.2946799,0.29253867,0.005542049,0.0013625436
8,5.75,2.348,0.368,-0.279,67.5,0.0422,0.00288,0.04123349,0.0014002785,-1.9370589,0.2245664,-1.8108852,0.22203138,-2.2946799,0.29253867,0.005542049,0.0013625436
8,5.75,2.348,0.368,-0.279,82.5,0.0394,0.00264,0.035835646,0.0013542586,-1.9370589,0.2245664,-1.8108852,0.22203138,-2.2946799,0.29253867,0.005542049,0.0013625436
8,5.75,2.348,0.368,-0.279,97.5,0.0295,0.00228,0.031658344,0.001384474,-1.9370589,0.2245664,-1.8108852,0.22203138,-2.2946799,0.29253867,0.005542049,0.0013625436
8,5.75,2.348,0.368,-0.279,112.5,0.0287,0.00204,0.02851973,0.0014278856,-1.9370589,0.2245664,-1.8108852,0.22203138,-2.2946799,0.29253867,0.005542049,0.0013625436
8,5.75,2.348,0.368,-0.279,127.5,0.0238,0.0018,0.02623032,0.001462814,-1.9370589,0.2245664,-1.8108852,0.22203138,-2.2946799,0.29253867,0.005542049,0.0013625436
8,5.75,2.348,0.368,-0.279,142.5,0.0248,0.0018,0.024637174,0.001485935,-1.9370589,0.2245664,-1.8108852,0.22203138,-2.2946799,0.29253867,0.005542049,0.0013625436
8,5.75,2.348,0.368,-0.279,157.5,0.0257,0.00192,0.023631487,0.0014992483,-1.9370589,0.2245664,-1.8108852,0.22203138,-2.2946799,0.29253867,0.005542049,0.0013625436
8,5.75,2.348,0.368,-0.279,172.5,0.0257,0.00192,0.023144986,0.0015052023,-1.9370589,0.2245664,-1.8108852,0.22203138,-2.2946799,0.29253867,0.005542049,0.0013625436
8,5.75,2.348,0.368,-0.279,187.5,0.0206,0.0018,0.023144986,0.0015052024,-1.9370589,0.2245664,-1.8108852,0.22203138,-2.2946799,0.29253867,0.005542049,0.0013625436
8,5.75,2.348,0.368,-0.279,202.5,0.0207,0.0018,0.023631487,0.0014992483,-1.9370589,0.2245664,-1.8108852,0.22203138,-2.2946799,0.29253867,0.005542049,0.0013625436
8,5.75,2.348,0.368,-0.279,217.5,0.0242,0.0018,0.024637174,0.001485935,-1.9370589,0.2245664,-1.8108852,0.22203138,-2.2946799,0.29253867,0.005542049,0.0013625436
8,5.75,2.348,0.368,-0.279,232.5,0.0283,0.00192,0.02623032,0.0014628142,-1.9370589,0.2245664,-1.8108852,0.22203138,-2.2946799,0.29253867,0.005542049,0.0013625436
8,5.75,2.348,0.368,-0.279,247.5,0.0272,0.00204,0.02851973,0.0014278856,-1.9370589,0.2245664,-1.8108852,0.22203138,-2.2946799,0.29253867,0.005542049,0.0013625436
8,5.75,2.348,0.368,-0.279,262.5,0.0317,0.00216,0.03165835,0.001384474,-1.9370589,0.2245664,-1.8108852,0.22203138,-2.2946799,0.29253867,0.005542049,0.0013625436
8,5.75,2.348,0.368,-0.279,277.5,0.0351,0.0024,0.03583562,0.0013542586,-1.9370589,0.2245664,-1.8108852,0.22203138,-2.2946799,0.29253867,0.005542049,0.0013625436
8,5.75,2.348,0.368,-0.279,292.5,0.0418,0.00264,0.04123349,0.0014002785,-1.9370589,0.2245664,-1.8108852,0.22203138,-2.2946799,0.29253867,0.005542049,0.0013625436
8,5.75,2.348,0.368,-0.279,307.5,0.0514,0.00324,0.047891222,0.0016247511,-1.9370589,0.2245664,-1.8108852,0.22203138,-2.2946799,0.29253867,0.005542049,0.0013625436
8,5.75,2.348,0.368,-0.279,322.5,0.0514,0.00348,0.05540676,0.0020724954,-1.9370589,0.2245664,-1.8108852,0.22203138,-2.2946799,0.29253867,0.005542049,0.0013625436
8,5.75,2.348,0.368,-0.279,337.5,0.0568,0.0042,0.06251551,0.0026231122,-1.9370589,0.2245664,-1.8108852,0.22203138,-2.2946799,0.29253867,0.005542049,0.0013625436
8,5.75,2.348,0.368,-0.279,352.5,0.06,0.00492,0.067042984,0.003015894,-1.9370589,0.2245664,-1.8108852,0.22203138,-2.2946799,0.29253867,0.005542049,0.0013625436
9,5.75,2.36,0.371,-0.325,7.5,0.0648,0.00696,0.062375493,0.0033633425,-1.9112773,0.23863803,-1.7783786,0.23746026,-2.093681,0.32636222,0.0052582254,0.001419727
9,5.75,2.36,0.371,-0.325,22.5,0.0602,0.00588,0.05689943,0.0028317801,-1.9112773,0.23863803,-1.7783786,0.23746026,-2.093681,0.32636222,0.0052582254,0.001419727
9,5.75,2.36,0.371,-0.325,37.5,0.0423,0.00408,0.048848342,0.0021420089,-1.9112773,0.23863803,-1.7783786,0.23746026,-2.093681,0.32636222,0.0052582254,0.001419727
9,5.75,2.36,0.371,-0.325,52.5,0.0392,0.0036,0.040985584,0.0016428609,-1.9112773,0.23863803,-1.7783786,0.23746026,-2.093681,0.32636222,0.0052582254,0.001419727
9,5.75,2.36,0.371,-0.325,67.5,0.0368,0.00312,0.03451169,0.0014300664,-1.9112773,0.23863803,-1.7783786,0.23746026,-2.093681,0.32636222,0.0052582254,0.001419727
9,5.75,2.36,0.371,-0.325,82.5,0.0273,0.00252,0.029564505,0.0013977974,-1.9112773,0.23863803,-1.7783786,0.23746026,-2.093681,0.32636222,0.0052582254,0.001419727
9,5.75,2.36,0.371,-0.325,97.5,0.0251,0.00228,0.025903685,0.0014248223,-1.9112773,0.23863803,-1.7783786,0.23746026,-2.093681,0.32636222,0.0052582254,0.001419727
9,5.75,2.36,0.371,-0.325,112.5,0.0243,0.00204,0.023241742,0.0014562473,-1.9112773,0.23863803,-1.7783786,0.23746026,-2.093681,0.32636222,0.0052582254,0.001419727
9,5.75,2.36,0.371,-0.325,127.5,0.0219,0.00192,0.021344798,0.0014783478,-1.9112773,0.23863803,-1.7783786,0.23746026,-2.093681,0.32636222,0.0052582254,0.001419727
9,5.75,2.36,0.371,-0.325,142.5,0.0203,0.0018,0.020045862,0.0014912351,-1.9112773,0.23863803,-1.7783786,0.23746026,-2.093681,0.32636222,0.0052582254,0.001419727
9,5.75,2.36,0.371,-0.325,157.5,0.019,0.0018,0.01923444,0.0014978008,-1.9112773,0.23863803,-1.7783786,0.23746026,-2.093681,0.32636222,0.0052582254,0.001419727
9,5.75,2.36,0.371,-0.325,172.5,0.0204,0.00192,0.018844213,0.0015004625,-1.9112773,0.23863803,-1.7783786,0.23746026,-2.093681,0.32636222,0.0052582254,0.001419727
9,5.75,2.36,0.371,-0.325,187.5,0.0181,0.0018,0.018844213,0.0015004625,-1.9112773,0.23863803,-1.7783786,0.23746026,-2.093681,0.32636222,0.0052582254,0.001419727
9,5.75,2.36,0.371,-0.325,202.5,0.0228,0.00192,0.01923444,0.0014978008,-1.9112773,0.23863803,-1.7783786,0.23746026,-2.093681,0.32636222,0.0052582254,0.001419727
9,5.75,2.36,0.371,-0.325,217.5,0.0191,0.0018,0.020045856,0.001491235,-1.9112773,0.23863803,-1.7783786,0.23746026,-2.093681,0.32636222,0.0052582254,0.001419727
9,5.75,2.36,0.371,-0.325,232.5,0.0219,0.0018,0.021344798,0.0014783478,-1.9112773,0.23863803,-1.7783786,0.23746026,-2.093681,0.32636222,0.0052582254,0.001419727
9,5.75,2.36,0.371,-0.325,247.5,0.0208,0.00192,0.023241738,0.0014562474,-1.9112773,0.23863803,-1.7783786,0.23746026,-2.093681,0.32636222,0.0052582254,0.001419727
9,5.75,2.36,0.371,-0.325,262.5,0.0256,0.00228,0.025903687,0.0014248225,-1.9112773,0.23863803,-1.7783786,0.23746026,-2.093681,0.32636222,0.0052582254,0.001419727
9,5.75,2.36,0.371,-0.325,277.5,0.0315,0.00252,0.029564507,0.0013977975,-1.9112773,0.23863803,-1.7783786,0.23746026,-2.093681,0.32636222,0.0052582254,0.001419727
9,5.75,2.36,0.371,-0.325,292.5,0.0364,0.00288,0.03451169,0.0014300664,-1.9112773,0.23863803,-1.7783786,0.23746026,-2.093681,0.32636222,0.0052582254,0.001419727
9,5.75,2.36,0.371,-0.325,307.5,0.04,0.00324,0.040985584,0.0016428609,-1.9112773,0.23863803,-1.7783786,0.23746026,-2.093681,0.32636222,0.0052582254,0.001419727
9,5.75,2.36,0.371,-0.325,322.5,0.0526,0.00408,0.04884833,0.002142008,-1.9112773,0.23863803,-1.7783786,0.23746026,-2.093681,0.32636222,0.0052582254,0.001419727
9,5.75,2.36,0.371,-0.325,337.5,0.0557,0.00552,0.056899402,0.0028317787,-1.9112773,0.23863803,-1.7783786,0.23746026,-2.093681,0.32636222,0.0052582254,0.001419727
9,5.75,2.36,0.371,-0.325,352.5,0.0591,0.00684,0.062375493,0.0033633418,-1.9112773,0.23863803,-1.7783786,0.23746026,-2.093681,0.32636222,0.0052582254,0.001419727
10,5.75,2.375,0.373,-0.372,7.5,0.0606,0.01008,0.06053597,0.004844786,-1.6321254,0.34964976,-1.492733,0.3082261,-1.9067916,0.4745558,0.004252796,0.0012385233
10,5.75,2.375,0.373,-0.372,22.5,0.0548,0.00756,0.0534611,0.003827598,-1.6321254,0.34964976,-1.492733,0.3082261,-1.9067916,0.4745558,0.004252796,0.0012385233
10,5.75,2.375,0.373,-0.372,37.5,0.0412,0.00492,0.043825697,0.0025533864,-1.6321254,0.34964976,-1.492733,0.3082261,-1.9067916,0.4745558,0.004252796,0.0012385233
10,5.75,2.375,0.373,-0.372,52.5,0.0388,0.00396,0.035209205,0.0016353368,-1.6321254,0.34964976,-1.492733,0.3082261,-1.9067916,0.4745558,0.004252796,0.0012385233
10,5.75,2.375,0.373,-0.372,67.5,0.0295,0.00312,0.028648853,0.001239893,-1.6321254,0.34964976,-1.492733,0.3082261,-1.9067916,0.4745558,0.004252796,0.0012385233
10,5.75,2.375,0.373,-0.372,82.5,0.0238,0.00264,0.023939101,0.0011881045,-1.6321254,0.34964976,-1.492733,0.3082261,-1.9067916,0.4745558,0.004252796,0.0012385233
10,5.75,2.375,0.373,-0.372,97.5,0.0203,0.00228,0.020616595,0.0012349782,-1.6321254,0.34964976,-1.492733,0.3082261,-1.9067916,0.4745558,0.004252796,0.0012385233
10,5.75,2.375,0.373,-0.372,112.5,0.0166,0.00192,0.018285777,0.0012799052,-1.6321254,0.34964976,-1.492733,0.3082261,-1.9067916,0.4745558,0.004252796,0.0012385233
10,5.75,2.375,0.373,-0.372,127.5,0.0165,0.0018,0.016668178,0.001306334,-1.6321254,0.34964976,-1.492733,0.3082261,-1.9067916,0.4745558,0.004252796,0.0012385233
10,5.75,2.375,0.373,-0.372,142.5,0.0149,0.00168,0.015581242,0.0013187516,-1.6321254,0.34964976,-1.492733,0.3082261,-1.9067916,0.4745558,0.004252796,0.0012385233
10,5.75,2.375,0.373,-0.372,157.5,0.014,0.0018,0.014910782,0.0013234891,-1.6321254,0.34964976,-1.492733,0.3082261,-1.9067916,0.4745558,0.004252796,0.0012385233
10,5.75,2.375,0.373,-0.372,172.5,0.0137,0.00204,0.014590678,0.0013248451,-1.6321254,0.34964976,-1.492733,0.3082261,-1.9067916,0.4745558,0.004252796,0.0012385233
10,5.75,2.375,0.373,-0.372,187.5,0.0151,0.00204,0.01459068,0.0013248451,-1.6321254,0.34964976,-1.492733,0.3082261,-1.9067916,0.4745558,0.004252796,0.0012385233
10,5.75,2.375,0.373,-0.372,202.5,0.0167,0.00192,0.014910782,0.0013234891,-1.6321254,0.34964976,-1.492733,0.3082261,-1.9067916,0.4745558,0.004252796,0.0012385233
10,5.75,2.375,0.373,-0.372,217.5,0.0142,0.00168,0.015581242,0.0013187517,-1.6321254,0.34964976,-1.492733,0.3082261,-1.9067916,0.4745558,0.004252796,0.0012385233
10,5.75,2.375,0.373,-0.372,232.5,0.019,0.0018,0.016668173,0.0013063337,-1.6321254,0.34964976,-1.492733,0.3082261,-1.9067916,0.4745558,0.004252796,0.0012385233
10,5.75,2.375,0.373,-0.372,247.5,0.0185,0.00204,0.018285776,0.0012799053,-1.6321254,0.34964976,-1.492733,0.3082261,-1.9067916,0.4745558,0.004252796,0.0012385233
10,5.75,2.375,0.373,-0.372,262.5,0.0196,0.00216,0.020616587,0.0012349781,-1.6321254,0.34964976,-1.492733,0.3082261,-1.9067916,0.4745558,0.004252796,0.0012385233
10,5.75,2.375,0.373,-0.372,277.5,0.0242,0.0024,0.023939092,0.0011881045,-1.6321254,0.34964976,-1.492733,0.3082261,-1.9067916,0.4745558,0.004252796,0.0012385233
10,5.75,2.375,0.373,-0.372,292.5,0.0312,0.003,0.028648853,0.001239893,-1.6321254,0.34964976,-1.492733,0.3082261,-1.9067916,0.4745558,0.004252796,0.0012385233
10,5.75,2.375,0.373,-0.372,307.5,0.0333,0.00348,0.035209205,0.0016353368,-1.6321254,0.34964976,-1.492733,0.3082261,-1.9067916,0.4745558,0.004252796,0.0012385233
10,5.75,2.375,0.373,-0.372,322.5,0.0455,0.0048,0.043825682,0.0025533845,-1.6321254,0.34964976,-1.492733,0.3082261,-1.9067916,0.4745558,0.004252796,0.0012385233
10,5.75,2.375,0.373,-0.372,337.5,0.0552,0.00768,0.0534611,0.003827597,-1.6321254,0.34964976,-1.492733,0.3082261,-1.9067916,0.4745558,0.004252796,0.0012385233
10,5.75,2.375,0.373,-0.372,352.5,0.0554,0.01044,0.060535926,0.0048447824,-1.6321254,0.34964976,-1.492733,0.3082261,-1.9067916,0.4745558,0.004252796,0.0012385233
116,5.75,2.12,0.245,-0.2,8.89,0.0,0.0,1.7467759,0.0111777885,-1.011643,0.16808142,-1.1037085,0.16714196,-1.3786002,0.22533104,0.00910968,0.0013924076
116,5.75,2.12,0.245,-0.2,23.98,0.0,0.0,1.2843308,0.007074431,-1.011643,0.16808142,-1.1037085,0.16714196,-1.3786002,0.22533104,0.00910968,0.0013924076
116,5.75,2.12,0.245,-0.2,38.17,1.0285,0.08932,0.8714054,0.0035685648,-1.011643,0.16808142,-1.1037085,0.16714196,-1.3786002,0.22533104,0.00910968,0.0013924076
116,5.75,2.12,0.245,-0.2,52.69,0.6593,0.06058,0.58772016,0.0016338378,-1.011643,0.16808142,-1.1037085,0.16714196,-1.3786002,0.22533104,0.00910968,0.0013924076
116,5.75,2.12,0.245,-0.2,67.03,0.4148,0.04388,0.4137636,0.0014835132,-1.011643,0.16808142,-1.1037085,0.16714196,-1.3786002,0.22533104,0.00910968,0.0013924076
116,5.75,2.12,0.245,-0.2,82.09,0.3466,0.04215,0.30068287,0.0019402785,-1.011643,0.16808142,-1.1037085,0.16714196,-1.3786002,0.22533104,0.00910968,0.0013924076
116,5.75,2.12,0.245,-0.2,97.15,0.2423,0.03034,0.22979109,0.0022800986,-1.011643,0.16808142,-1.1037085,0.16714196,-1.3786002,0.22533104,0.00910968,0.0013924076
116,5.75,2.12,0.245,-0.2,112.22,0.1719,0.02348,0.18426186,0.0024772738,-1.011643,0.16808142,-1.1037085,0.16714196,-1.3786002,0.22533104,0.00910968,0.0013924076
116,5.75,2.12,0.245,-0.2,127.28,0.1102,0.0191,0.15475988,0.002582533,-1.011643,0.16808142,-1.1037085,0.16714196,-1.3786002,0.22533104,0.00910968,0.0013924076
116,5.75,2.12,0.245,-0.2,142.34,0.1249,0.03074,0.13592033,0.0026350946,-1.011643,0.16808142,-1.1037085,0.16714196,-1.3786002,0.22533104,0.00910968,0.0013924076
116,5.75,2.12,0.245,-0.2,157.4,0.1269,0.03012,0.12470816,0.0026591332,-1.011643,0.16808142,-1.1037085,0.16714196,-1.3786002,0.22533104,0.00910968,0.0013924076
116,5.75,2.12,0.245,-0.2,172.47,0.0759,0.01629,0.1194652,0.0026681558,-1.011643,0.16808142,-1.1037085,0.16714196,-1.3786002,0.22533104,0.00910968,0.0013924076
116,5.75,2.12,0.245,-0.2,187.53,0.0884,0.0222,0.1194652,0.0026681563,-1.011643,0.16808142,-1.1037085,0.16714196,-1.3786002,0.22533104,0.00910968,0.0013924076
116,5.75,2.12,0.245,-0.2,202.6,0.1162,0.01823,0.12470816,0.0026591334,-1.011643,0.16808142,-1.1037085,0.16714196,-1.3786002,0.22533104,0.00910968,0.0013924076
116,5.75,2.12,0.245,-0.2,217.66,0.1069,0.02177,0.13592033,0.0026350948,-1.011643,0.16808142,-1.1037085,0.16714196,-1.3786002,0.22533104,0.00910968,0.0013924076
116,5.75,2.12,0.245,-0.2,232.72,0.1499,0.02648,0.15475988,0.002582533,-1.011643,0.16808142,-1.1037085,0.16714196,-1.3786002,0.22533104,0.00910968,0.0013924076
116,5.75,2.12,0.245,-0.2,247.78,0.1564,0.02102,0.18426178,0.0024772733,-1.011643,0.16808142,-1.1037085,0.16714196,-1.3786002,0.22533104,0.00910968,0.0013924076
116,5.75,2.12,0.245,-0.2,262.85,0.2092,0.02474,0.2297911,0.002280099,-1.011643,0.16808142,-1.1037085,0.16714196,-1.3786002,0.22533104,0.00910968,0.0013924076
116,5.75,2.12,0.245,-0.2,277.91,0.3031,0.04869,0.30068287,0.00194028,-1.011643,0.16808142,-1.1037085,0.16714196,-1.3786002,0.22533104,0.00910968,0.0013924076
116,5.75,2.12,0.245,-0.2,292.97,0.3802,0.0562,0.4137636,0.0014835132,-1.011643,0.16808142,-1.1037085,0.16714196,-1.3786002,0.22533104,0.00910968,0.0013924076
116,5.75,2.12,0.245,-0.2,307.31,0.6291,0.06616,0.58772016,0.0016338378,-1.011643,0.16808142,-1.1037085,0.16714196,-1.3786002,0.22533104,0.00910968,0.0013924076
116,5.75,2.12,0.245,-0.2,321.83,1.0307,0.10688,0.8714042,0.0035685552,-1.011643,0.16808142,-1.1037085,0.16714196,-1.3786002,0.22533104,0.00910968,0.0013924076
116,5.75,2.12,0.245,-0.2,336.02,0.0,0.0,1.2843306,0.0070744264,-1.011643,0.16808142,-1.1037085,0.16714196,-1.3786002,0.22533104,0.00910968,0.0013924076
116,5.75,2.12,0.245,-0.2,351.11,0.0,0.0,1.7467759,0.011177787,-1.011643,0.16808142,-1.1037085,0.16714196,-1.3786002,0.22533104,0.00910968,0.0013924076
117,5.75,2.12,0.245,-0.26,14.3,0.0,0.0,1.6372029,0.016620032,-2.130756,0.23824845,-2.1495318,0.2725232,-2.831509,0.38832575,0.0062516066,0.0020134463
117,5.75,2.12,0.245,-0.26,26.39,0.0,0.0,1.0420897,0.00882519,-2.130756,0.23824845,-2.1495318,0.2725232,-2.831509,0.38832575,0.0062516066,0.0020134463
117,5.75,2.12,0.245,-0.26,38.87,0.8554,0.08229,0.6530416,0.0040597194,-2.130756,0.23824845,-2.1495318,0.2725232,-2.831509,0.38832575,0.0062516066,0.0020134463
117,5.75,2.12,0.245,-0.26,52.71,0.4852,0.0787,0.416336,0.0020889917,-2.130756,0.23824845,-2.1495318,0.2725232,-2.831509,0.38832575,0.0062516066,0.0020134463
117,5.75,2.12,0.245,-0.26,66.97,0.3119,0.04931,0.28351653,0.0022090657,-2.130756,0.23824845,-2.1495318,0.2725232,-2.831509,0.38832575,0.0062516066,0.0020134463
117,5.75,2.12,0.245,-0.26,82.06,0.2109,0.03009,0.20366913,0.0026346017,-2.130756,0.23824845,-2.1495318,0.2725232,-2.831509,0.38832575,0.0062516066,0.0020134463
117,5.75,2.12,0.245,-0.26,97.13,0.1577,0.01829,0.15623944,0.0028862348,-2.130756,0.23824845,-2.1495318,0.2725232,-2.831509,0.38832575,0.0062516066,0.0020134463
117,5.75,2.12,0.245,-0.26,112.2,0.1196,0.01552,0.12670198,0.0030044238,-2.130756,0.23824845,-2.1495318,0.2725232,-2.831509,0.38832575,0.0062516066,0.0020134463
117,5.75,2.12,0.245,-0.26,127.27,0.0985,0.0164,0.10787618,0.003049642,-2.130756,0.23824845,-2.1495318,0.2725232,-2.831509,0.38832575,0.0062516066,0.0020134463
117,5.75,2.12,0.245,-0.26,142.33,0.0841,0.01748,0.095975906,0.0030603472,-2.130756,0.23824845,-2.1495318,0.2725232,-2.831509,0.38832575,0.0062516066,0.0020134463
117,5.75,2.12,0.245,-0.26,157.4,0.0808,0.01668,0.088923596,0.0030582815,-2.130756,0.23824845,-2.1495318,0.2725232,-2.831509,0.38832575,0.0062516066,0.0020134463
117,5.75,2.12,0.245,-0.26,172.47,0.0692,0.01343,0.085636035,0.003054826,-2.130756,0.23824845,-2.1495318,0.2725232,-2.831509,0.38832575,0.0062516066,0.0020134463
117,5.75,2.12,0.245,-0.26,187.53,0.0595,0.01638,0.08563597,0.003054825,-2.130756,0.23824845,-2.1495318,0.2725232,-2.831509,0.38832575,0.0062516066,0.0020134463
117,5.75,2.12,0.245,-0.26,202.6,0.0713,0.01461,0.088923596,0.0030582815,-2.130756,0.23824845,-2.1495318,0.2725232,-2.831509,0.38832575,0.0062516066,0.0020134463
117,5.75,2.12,0.245,-0.26,217.67,0.0814,0.01394,0.095975906,0.0030603472,-2.130756,0.23824845,-2.1495318,0.2725232,-2.831509,0.38832575,0.0062516066,0.0020134463
117,5.75,2.12,0.245,-0.26,232.73,0.0917,0.01384,0.10787616,0.0030496418,-2.130756,0.23824845,-2.1495318,0.2725232,-2.831509,0.38832575,0.0062516066,0.0020134463
117,5.75,2.12,0.245,-0.26,247.8,0.103,0.0153,0.126702,0.0030044245,-2.130756,0.23824845,-2.1495318,0.2725232,-2.831509,0.38832575,0.0062516066,0.0020134463
117,5.75,2.12,0.245,-0.26,262.87,0.1362,0.01642,0.15623938,0.0028862348,-2.130756,0.23824845,-2.1495318,0.2725232,-2.831509,0.38832575,0.0062516066,0.0020134463
117,5.75,2.12,0.245,-0.26,277.94,0.1797,0.02044,0.20366913,0.0026346017,-2.130756,0.23824845,-2.1495318,0.2725232,-2.831509,0.38832575,0.0062516066,0.0020134463
117,5.75,2.12,0.245,-0.26,293.03,0.3344,0.03213,0.28351653,0.0022090662,-2.130756,0.23824845,-2.1495318,0.2725232,-2.831509,0.38832575,0.0062516066,0.0020134463
117,5.75,2.12,0.245,-0.26,307.29,0.4754,0.05367,0.416336,0.0020889924,-2.130756,0.23824845,-2.1495318,0.2725232,-2.831509,0.38832575,0.0062516066,0.0020134463
117,5.75,2.12,0.245,-0.26,321.13,0.7407,0.06535,0.6530416,0.0040597166,-2.130756,0.23824845,-2.1495318,0.2725232,-2.831509,0.38832575,0.0062516066,0.0020134463
117,5.75,2.12,0.245,-0.26,333.61,0.0,0.0,1.0420874,0.008825168,-2.130756,0.23824845,-2.1495318,0.2725232,-2.831509,0.38832575,0.0062516066,0.0020134463
117,5.75,2.12,0.245,-0.26,345.7,0.0,0.0,1.6372029,0.016620032,-2.130756,0.23824845,-2.1495318,0.2725232,-2.831509,0.38832575,0.0062516066,0.0020134463
118,5.75,2.12,0.245,-0.34,7.5,0.0,0.0,2.6423702,0.047829814,-2.7102993,0.7226662,-0.70213056,1.2413592,-5.1752768,2.3683245,0.00017370329,0.0032501097
118,5.75,2.12,0.245,-0.34,28.65,0.0,0.0,0.73887366,0.009463231,-2.7102993,0.7226662,-0.70213056,1.2413592,-5.1752768,2.3683245,0.00017370329,0.0032501097
118,5.75,2.12,0.245,-0.34,39.99,0.5777,0.06726,0.4317753,0.003574671,-2.7102993,0.7226662,-0.70213056,1.2413592,-5.1752768,2.3683245,0.00017370329,0.0032501097
118,5.75,2.12,0.245,-0.34,52.42,0.296,0.02405,0.27176362,0.0011862882,-2.7102993,0.7226662,-0.70213056,1.2413592,-5.1752768,2.3683245,0.00017370329,0.0032501097
118,5.75,2.12,0.245,-0.34,66.92,0.2033,0.0225,0.17845416,0.0015077913,-2.7102993,0.7226662,-0.70213056,1.2413592,-5.1752768,2.3683245,0.00017370329,0.0032501097
118,5.75,2.12,0.245,-0.34,82.02,0.1516,0.01921,0.12706292,0.0020169825,-2.7102993,0.7226662,-0.70213056,1.2413592,-5.1752768,2.3683245,0.00017370329,0.0032501097
118,5.75,2.12,0.245,-0.34,97.11,0.0967,0.01438,0.09753792,0.0022359758,-2.7102993,0.7226662,-0.70213056,1.2413592,-5.1752768,2.3683245,0.00017370329,0.0032501097
118,5.75,2.12,0.245,-0.34,112.19,0.0792,0.01245,0.07945908,0.0023074679,-2.7102993,0.7226662,-0.70213056,1.2413592,-5.1752768,2.3683245,0.00017370329,0.0032501097
118,5.75,2.12,0.245,-0.34,127.26,0.0711,0.01806,0.06801837,0.0023162484,-2.7102993,0.7226662,-0.70213056,1.2413592,-5.1752768,2.3683245,0.00017370329,0.0032501097
118,5.75,2.12,0.245,-0.34,142.33,0.041,0.01537,0.060793173,0.0023038262,-2.7102993,0.7226662,-0.70213056,1.2413592,-5.1752768,2.3683245,0.00017370329,0.0032501097
118,5.75,2.12,0.245,-0.34,157.4,0.0343,0.01038,0.056512374,0.0022892633,-2.7102993,0.7226662,-0.70213056,1.2413592,-5.1752768,2.3683245,0.00017370329,0.0032501097
118,5.75,2.12,0.245,-0.34,172.46,0.0365,0.00793,0.05451548,0.0022805938,-2.7102993,0.7226662,-0.70213056,1.2413592,-5.1752768,2.3683245,0.00017370329,0.0032501097
118,5.75,2.12,0.245,-0.34,187.54,0.0264,0.00757,0.05451548,0.0022805938,-2.7102993,0.7226662,-0.70213056,1.2413592,-5.1752768,2.3683245,0.00017370329,0.0032501097
118,5.75,2.12,0.245,-0.34,202.6,0.048,0.01131,0.05651236,0.002289263,-2.7102993,0.7226662,-0.70213056,1.2413592,-5.1752768,2.3683245,0.00017370329,0.0032501097
118,5.75,2.12,0.245,-0.34,217.67,0.0491,0.00774,0.06079313,0.0023038252,-2.7102993,0.7226662,-0.70213056,1.2413592,-5.1752768,2.3683245,0.00017370329,0.0032501097
118,5.75,2.12,0.245,-0.34,232.74,0.0673,0.01074,0.06801837,0.0023162484,-2.7102993,0.7226662,-0.70213056,1.2413592,-5.1752768,2.3683245,0.00017370329,0.0032501097
118,5.75,2.12,0.245,-0.34,247.81,0.0769,0.0173,0.07945908,0.0023074679,-2.7102993,0.7226662,-0.70213056,1.2413592,-5.1752768,2.3683245,0.00017370329,0.0032501097
118,5.75,2.12,0.245,-0.34,262.89,0.0974,0.01708,0.09753792,0.0022359756,-2.7102993,0.7226662,-0.70213056,1.2413592,-5.1752768,2.3683245,0.00017370329,0.0032501097
118,5.75,2.12,0.245,-0.34,277.98,0.1327,0.01495,0.12706292,0.0020169825,-2.7102993,0.7226662,-0.70213056,1.2413592,-5.1752768,2.3683245,0.00017370329,0.0032501097
118,5.75,2.12,0.245,-0.34,293.08,0.1938,0.02185,0.17845406,0.0015077932,-2.7102993,0.7226662,-0.70213056,1.2413592,-5.1752768,2.3683245,0.00017370329,0.0032501097
118,5.75,2.12,0.245,-0.34,307.58,0.3127,0.02928,0.27176312,0.0011862858,-2.7102993,0.7226662,-0.70213056,1.2413592,-5.1752768,2.3683245,0.00017370329,0.0032501097
118,5.75,2.12,0.245,-0.34,320.01,0.584,0.08124,0.43177533,0.0035746752,-2.7102993,0.7226662,-0.70213056,1.2413592,-5.1752768,2.3683245,0.00017370329,0.0032501097
118,5.75,2.12,0.245,-0.34,331.35,0.0,0.0,0.7388736,0.009463236,-2.7102993,0.7226662,-0.70213056,1.2413592,-5.1752768,2.3683245,0.00017370329,0.0032501097
118,5.75,2.12,0.245,-0.34,352.5,0.0,0.0,2.6423702,0.047829803,-2.7102993,0.7226662,-0.70213056,1.2413592,-5.1752768,2.3683245,0.00017370329,0.0032501097
119,5.75,2.12,0.245,-0.45,7.5,0.0,0.0,4.8806777,0.14412023,-3.0499194,0.9247092,-1.4085042,1.54417,-3.8659463,3.4856865,0.0023799462,0.0047153947
119,5.75,2.12,0.245,-0.45,22.5,0.0,0.0,0.77543235,0.017896937,-3.0499194,0.9247092,-1.4085042,1.54417,-3.8659463,3.4856865,0.0023799462,0.0047153947
119,5.75,2.12,0.245,-0.45,40.64,0.0,0.0,0.25509748,0.0027874229,-3.0499194,0.9247092,-1.4085042,1.54417,-3.8659463,3.4856865,0.0023799462,0.0047153947
119,5.75,2.12,0.245,-0.45,51.97,0.1767,0.01501,0.16203058,0.0014886833,-3.0499194,0.9247092,-1.4085042,1.54417,-3.8659463,3.4856865,0.0023799462,0.0047153947
119,5.75,2.12,0.245,-0.45,66.88,0.1016,0.01223,0.10360756,0.00198591,-3.0499194,0.9247092,-1.4085042,1.54417,-3.8659463,3.4856865,0.0023799462,0.0047153947
119,5.75,2.12,0.245,-0.45,82.0,0.0701,0.01027,0.07387764,0.0022595592,-3.0499194,0.9247092,-1.4085042,1.54417,-3.8659463,3.4856865,0.0023799462,0.0047153947
119,5.75,2.12,0.245,-0.45,97.09,0.0553,0.01115,0.057174608,0.0023126986,-3.0499194,0.9247092,-1.4085042,1.54417,-3.8659463,3.4856865,0.0023799462,0.0047153947
119,5.75,2.12,0.245,-0.45,112.17,0.0425,0.00743,0.047056254,0.0022882945,-3.0499194,0.9247092,-1.4085042,1.54417,-3.8659463,3.4856865,0.0023799462,0.0047153947
119,5.75,2.12,0.245,-0.45,127.25,0.0318,0.01015,0.04068583,0.0022510083,-3.0499194,0.9247092,-1.4085042,1.54417,-3.8659463,3.4856865,0.0023799462,0.0047153947
119,5.75,2.12,0.245,-0.45,142.32,0.0264,0.0069,0.036677565,0.0022229361,-3.0499194,0.9247092,-1.4085042,1.54417,-3.8659463,3.4856865,0.0023799462,0.0047153947
119,5.75,2.12,0.245,-0.45,157.39,0.021,0.0059,0.034305956,0.0022071751,-3.0499194,0.9247092,-1.4085042,1.54417,-3.8659463,3.4856865,0.0023799462,0.0047153947
119,5.75,2.12,0.245,-0.45,172.46,0.0297,0.01183,0.03319966,0.0022006948,-3.0499194,0.9247092,-1.4085042,1.54417,-3.8659463,3.4856865,0.0023799462,0.0047153947
119,5.75,2.12,0.245,-0.45,187.54,0.0264,0.00816,0.03319966,0.0022006948,-3.0499194,0.9247092,-1.4085042,1.54417,-3.8659463,3.4856865,0.0023799462,0.0047153947
119,5.75,2.12,0.245,-0.45,202.61,0.0286,0.00628,0.034305956,0.0022071751,-3.0499194,0.9247092,-1.4085042,1.54417,-3.8659463,3.4856865,0.0023799462,0.0047153947
119,5.75,2.12,0.245,-0.45,217.68,0.0378,0.0131,0.036677565,0.0022229361,-3.0499194,0.9247092,-1.4085042,1.54417,-3.8659463,3.4856865,0.0023799462,0.0047153947
119,5.75,2.12,0.245,-0.45,232.75,0.0304,0.00742,0.04068583,0.0022510083,-3.0499194,0.9247092,-1.4085042,1.54417,-3.8659463,3.4856865,0.0023799462,0.0047153947
119,5.75,2.12,0.245,-0.45,247.83,0.0318,0.00764,0.04705623,0.002288294,-3.0499194,0.9247092,-1.4085042,1.54417,-3.8659463,3.4856865,0.0023799462,0.0047153947
119,5.75,2.12,0.245,-0.45,262.91,0.0658,0.00853,0.05717459,0.0023126986,-3.0499194,0.9247092,-1.4085042,1.54417,-3.8659463,3.4856865,0.0023799462,0.0047153947
119,5.75,2.12,0.245,-0.45,278.0,0.0823,0.00882,0.07387764,0.0022595592,-3.0499194,0.9247092,-1.4085042,1.54417,-3.8659463,3.4856865,0.0023799462,0.0047153947
119,5.75,2.12,0.245,-0.45,293.12,0.1207,0.01386,0.10360748,0.0019859099,-3.0499194,0.9247092,-1.4085042,1.54417,-3.8659463,3.4856865,0.0023799462,0.0047153947
119,5.75,2.12,0.245,-0.45,308.03,0.1773,0.0205,0.16203058,0.001488683,-3.0499194,0.9247092,-1.4085042,1.54417,-3.8659463,3.4856865,0.0023799462,0.0047153947
119,5.75,2.12,0.245,-0.45,319.36,0.2733,0.03228,0.2550967,0.0027874121,-3.0499194,0.9247092,-1.4085042,1.54417,-3.8659463,3.4856865,0.0023799462,0.0047153947
119,5.75,2.12,0.245,-0.45,337.5,0.0,0.0,0.7754324,0.017896924,-3.0499194,0.9247092,-1.4085042,1.54417,-3.8659463,3.4856865,0.0023799462,0.0047153947
119,5.75,2.12,0.245,-0.45,352.5,0.0,0.0,4.880678,0.14412019,-3.0499194,0.9247092,-1.4085042,1.54417,-3.8659463,3.4856865,0.0023799462,0.0047153947
120,5.75,1.94,0.274,-0.11,7.46,0.4022,0.07766,0.37339905,0.044594873,-2.9830465,1.3173637,-2.0770686,2.2491808,-0.49368733,6.7707095,0.0036304435,0.0090762
120,5.75,1.94,0.274,-0.11,22.4,0.3987,0.0546,0.35626128,0.039957706,-2.9830465,1.3173637,-2.0770686,2.2491808,-0.49368733,6.7707095,0.0036304435,0.0090762
120,5.75,1.94,0.274,-0.11,37.34,0.3855,0.05124,0.32627317,0.03202273,-2.9830465,1.3173637,-2.0770686,2.2491808,-0.49368733,6.7707095,0.0036304435,0.0090762
120,5.75,1.94,0.274,-0.11,52.3,0.3762,0.04363,0.2896858,0.022742692,-2.9830465,1.3173637,-2.0770686,2.2491808,-0.49368733,6.7707095,0.0036304435,0.0090762
120,5.75,1.94,0.274,-0.11,67.28,0.3159,0.0486,0.2522153,0.013985678,-2.9830465,1.3173637,-2.0770686,2.2491808,-0.49368733,6.7707095,0.0036304435,0.0090762
120,5.75,1.94,0.274,-0.11,82.28,0.207,0.05414,0.21770896,0.007666417,-2.9830465,1.3173637,-2.0770686,2.2491808,-0.49368733,6.7707095,0.0036304435,0.0090762
120,5.75,1.94,0.274,-0.11,97.28,0.196,0.06549,0.18816045,0.0068101976,-2.9830465,1.3173637,-2.0770686,2.2491808,-0.49368733,6.7707095,0.0036304435,0.0090762
120,5.75,1.94,0.274,-0.11,112.3,0.0,0.0,0.16416098,0.0097587295,-2.9830465,1.3173637,-2.0770686,2.2491808,-0.49368733,6.7707095,0.0036304435,0.0090762
120,5.75,1.94,0.274,-0.11,127.33,0.0,0.0,0.14565016,0.012710614,-2.9830465,1.3173637,-2.0770686,2.2491808,-0.49368733,6.7707095,0.0036304435,0.0090762
120,5.75,1.94,0.274,-0.11,142.36,0.0,0.0,0.13227014,0.01487817,-2.9830465,1.3173637,-2.0770686,2.2491808,-0.49368733,6.7707095,0.0036304435,0.0090762
120,5.75,1.94,0.274,-0.11,157.41,0.0,0.0,0.12360334,0.016249679,-2.9830465,1.3173637,-2.0770686,2.2491808,-0.49368733,6.7707095,0.0036304435,0.0090762
120,5.75,1.94,0.274,-0.11,172.47,0.0,0.0,0.11935108,0.016907373,-2.9830465,1.3173637,-2.0770686,2.2491808,-0.49368733,6.7707095,0.0036304435,0.0090762
120,5.75,1.94,0.274,-0.11,187.53,0.0,0.0,0.11935108,0.016907373,-2.9830465,1.3173637,-2.0770686,2.2491808,-0.49368733,6.7707095,0.0036304435,0.0090762
120,5.75,1.94,0.274,-0.11,202.59,0.0,0.0,0.12360332,0.016249679,-2.9830465,1.3173637,-2.0770686,2.2491808,-0.49368733,6.7707095,0.0036304435,0.0090762
120,5.75,1.94,0.274,-0.11,217.64,0.0,0.0,0.13227014,0.0148781715,-2.9830465,1.3173637,-2.0770686,2.2491808,-0.49368733,6.7707095,0.0036304435,0.0090762
120,5.75,1.94,0.274,-0.11,232.67,0.0,0.0,0.14565015,0.012710624,-2.9830465,1.3173637,-2.0770686,2.2491808,-0.49368733,6.7707095,0.0036304435,0.0090762
120,5.75,1.94,0.274,-0.11,247.7,0.0,0.0,0.16416098,0.0097587295,-2.9830465,1.3173637,-2.0770686,2.2491808,-0.49368733,6.7707095,0.0036304435,0.0090762
120,5.75,1.94,0.274,-0.11,262.72,0.2107,0.06684,0.18816046,0.006810201,-2.9830465,1.3173637,-2.0770686,2.2491808,-0.49368733,6.7707095,0.0036304435,0.0090762
120,5.75,1.94,0.274,-0.11,277.72,0.2091,0.05635,0.21770896,0.0076664137,-2.9830465,1.3173637,-2.0770686,2.2491808,-0.49368733,6.7707095,0.0036304435,0.0090762
120,5.75,1.94,0.274,-0.11,292.72,0.3457,0.08686,0.2522153,0.013985673,-2.9830465,1.3173637,-2.0770686,2.2491808,-0.49368733,6.7707095,0.0036304435,0.0090762
120,5.75,1.94,0.274,-0.11,307.7,0.4118,0.05292,0.2896858,0.022742696,-2.9830465,1.3173637,-2.0770686,2.2491808,-0.49368733,6.7707095,0.0036304435,0.0090762
120,5.75,1.94,0.274,-0.11,322.66,0.4278,0.05068,0.32627302,0.032022715,-2.9830465,1.3173637,-2.0770686,2.2491808,-0.49368733,6.7707095,0.0036304435,0.0090762
120,5.75,1.94,0.274,-0.11,337.6,0.3885,0.05544,0.35626128,0.0399577,-2.9830465,1.3173637,-2.0770686,2.2491808,-0.49368733,6.7707095,0.0036304435,0.0090762
120,5.75,1.94,0.274,-0.11,352.54,0.438,0.05919,0.37339905,0.044594873,-2.9830465,1.3173637,-2.0770686,2.2491808,-0.49368733,6.7707095,0.0036304435,0.0090762
121,5.75,1.94,0.274,-0.15,7.43,0.4069,0.0457,0.48972332,0.005712702,-0.5083485,0.16496806,-0.52562755,0.16846055,-0.6785151,0.20800073,0.005300279,0.0005240137
121,5.75,1.94,0.274,-0.15,22.31,0.4165,0.04674,0.44677722,0.004805892,-0.5083485,0.16496806,-0.52562755,0.16846055,-0.6785151,0.20800073,0.005300279,0.0005240137
121,5.75,1.94,0.274,-0.15,37.23,0.3557,0.03797,0.37872657,0.0034008357,-0.5083485,0.16496806,-0.52562755,0.16846055,-0.6785151,0.20800073,0.005300279,0.0005240137
121,5.75,1.94,0.274,-0.15,52.19,0.3116,0.03124,0.30643085,0.0019753787,-0.5083485,0.16496806,-0.52562755,0.16846055,-0.6785151,0.20800073,0.005300279,0.0005240137
121,5.75,1.94,0.274,-0.15,67.18,0.223,0.03168,0.2427081,0.00086447375,-0.5083485,0.16496806,-0.52562755,0.16846055,-0.6785151,0.20800073,0.005300279,0.0005240137
121,5.75,1.94,0.274,-0.15,82.18,0.1756,0.03403,0.19187994,0.00058524084,-0.5083485,0.16496806,-0.52562755,0.16846055,-0.6785151,0.20800073,0.005300279,0.0005240137
121,5.75,1.94,0.274,-0.15,97.2,0.1691,0.02726,0.15345721,0.0010231626,-0.5083485,0.16496806,-0.52562755,0.16846055,-0.6785151,0.20800073,0.005300279,0.0005240137
121,5.75,1.94,0.274,-0.15,112.24,0.1368,0.03764,0.12538539,0.001400844,-0.5083485,0.16496806,-0.52562755,0.16846055,-0.6785151,0.20800073,0.005300279,0.0005240137
121,5.75,1.94,0.274,-0.15,127.28,0.0,0.0,0.10551362,0.001653373,-0.5083485,0.16496806,-0.52562755,0.16846055,-0.6785151,0.20800073,0.005300279,0.0005240137
121,5.75,1.94,0.274,-0.15,142.33,0.0,0.0,0.092045486,0.0018102946,-0.5083485,0.16496806,-0.52562755,0.16846055,-0.6785151,0.20800073,0.005300279,0.0005240137
121,5.75,1.94,0.274,-0.15,157.4,0.0,0.0,0.08371402,0.0018996677,-0.5083485,0.16496806,-0.52562755,0.16846055,-0.6785151,0.20800073,0.005300279,0.0005240137
121,5.75,1.94,0.274,-0.15,172.46,0.0,0.0,0.079741254,0.0019398425,-0.5083485,0.16496806,-0.52562755,0.16846055,-0.6785151,0.20800073,0.005300279,0.0005240137
121,5.75,1.94,0.274,-0.15,187.54,0.0,0.0,0.079741254,0.0019398425,-0.5083485,0.16496806,-0.52562755,0.16846055,-0.6785151,0.20800073,0.005300279,0.0005240137
121,5.75,1.94,0.274,-0.15,202.6,0.0,0.0,0.08371394,0.001899667,-0.5083485,0.16496806,-0.52562755,0.16846055,-0.6785151,0.20800073,0.005300279,0.0005240137
121,5.75,1.94,0.274,-0.15,217.67,0.0,0.0,0.092045486,0.0018102947,-0.5083485,0.16496806,-0.52562755,0.16846055,-0.6785151,0.20800073,0.005300279,0.0005240137
121,5.75,1.94,0.274,-0.15,232.72,0.0,0.0,0.10551362,0.001653373,-0.5083485,0.16496806,-0.52562755,0.16846055,-0.6785151,0.20800073,0.005300279,0.0005240137
121,5.75,1.94,0.274,-0.15,247.76,0.1482,0.0601,0.12538539,0.0014008445,-0.5083485,0.16496806,-0.52562755,0.16846055,-0.6785151,0.20800073,0.005300279,0.0005240137
121,5.75,1.94,0.274,-0.15,262.8,0.1245,0.0296,0.15345718,0.0010231633,-0.5083485,0.16496806,-0.52562755,0.16846055,-0.6785151,0.20800073,0.005300279,0.0005240137
121,5.75,1.94,0.274,-0.15,277.82,0.1916,0.02737,0.19187994,0.0005852411,-0.5083485,0.16496806,-0.52562755,0.16846055,-0.6785151,0.20800073,0.005300279,0.0005240137
121,5.75,1.94,0.274,-0.15,292.82,0.2161,0.03334,0.2427081,0.0008644743,-0.5083485,0.16496806,-0.52562755,0.16846055,-0.6785151,0.20800073,0.005300279,0.0005240137
121,5.75,1.94,0.274,-0.15,307.81,0.2956,0.03667,0.30643076,0.001975377,-0.5083485,0.16496806,-0.52562755,0.16846055,-0.6785151,0.20800073,0.005300279,0.0005240137
121,5.75,1.94,0.274,-0.15,322.77,0.3959,0.0454,0.37872654,0.0034008343,-0.5083485,0.16496806,-0.52562755,0.16846055,-0.6785151,0.20800073,0.005300279,0.0005240137
121,5.75,1.94,0.274,-0.15,337.69,0.4719,0.04965,0.446777,0.004805889,-0.5083485,0.16496806,-0.52562755,0.16846055,-0.6785151,0.20800073,0.005300279,0.0005240137
121,5.75,1.94,0.274,-0.15,352.57,0.4457,0.06716,0.48972332,0.0057127015,-0.5083485,0.16496806,-0.52562755,0.16846055,-0.6785151,0.20800073,0.005300279,0.0005240137
122,5.75,1.94,0.274,-0.2,7.39,0.4953,0.04815,0.49452198,0.0055659283,-0.5637408,0.1470413,-0.5651038,0.14982755,-0.7118771,0.1789432,0.004145362,0.00047428042
122,5.75,1.94,0.274,-0.2,22.22,0.401,0.04101,0.42826256,0.0043616425,-0.5637408,0.1470413,-0.5651038,0.14982755,-0.7118771,0.1789432,0.004145362,0.00047428042
122,5.75,1.94,0.274,-0.2,37.12,0.3268,0.03793,0.33533186,0.0027205541,-0.5637408,0.1470413,-0.5651038,0.14982755,-0.7118771,0.1789432,0.004145362,0.00047428042
122,5.75,1.94,0.274,-0.2,52.09,0.2833,0.0331,0.25032628,0.0013178438,-0.5637408,0.1470413,-0.5651038,0.14982755,-0.7118771,0.1789432,0.004145362,0.00047428042
122,5.75,1.94,0.274,-0.2,67.1,0.1406,0.02278,0.18532471,0.00051449373,-0.5637408,0.1470413,-0.5651038,0.14982755,-0.7118771,0.1789432,0.004145362,0.00047428042
122,5.75,1.94,0.274,-0.2,82.12,0.1282,0.02619,0.13928153,0.0006670915,-0.5637408,0.1470413,-0.5651038,0.14982755,-0.7118771,0.1789432,0.004145362,0.00047428042
122,5.75,1.94,0.274,-0.2,97.16,0.1173,0.034,0.1075736,0.0009894215,-0.5637408,0.1470413,-0.5651038,0.14982755,-0.7118771,0.1789432,0.004145362,0.00047428042
122,5.75,1.94,0.274,-0.2,112.21,0.0964,0.02511,0.0860102,0.0011968347,-0.5637408,0.1470413,-0.5651038,0.14982755,-0.7118771,0.1789432,0.004145362,0.00047428042
122,5.75,1.94,0.274,-0.2,127.26,0.0718,0.02067,0.07153045,0.0013147915,-0.5637408,0.1470413,-0.5651038,0.14982755,-0.7118771,0.1789432,0.004145362,0.00047428042
122,5.75,1.94,0.274,-0.2,142.32,0.0,0.0,0.062082596,0.0013775717,-0.5637408,0.1470413,-0.5651038,0.14982755,-0.7118771,0.1789432,0.004145362,0.00047428042
122,5.75,1.94,0.274,-0.2,157.39,0.0689,0.04771,0.056388922,0.0014083646,-0.5637408,0.1470413,-0.5651038,0.14982755,-0.7118771,0.1789432,0.004145362,0.00047428042
122,5.75,1.94,0.274,-0.2,172.46,0.0,0.0,0.053711817,0.0014206864,-0.5637408,0.1470413,-0.5651038,0.14982755,-0.7118771,0.1789432,0.004145362,0.00047428042
122,5.75,1.94,0.274,-0.2,187.54,0.0769,0.06749,0.053711817,0.0014206864,-0.5637408,0.1470413,-0.5651038,0.14982755,-0.7118771,0.1789432,0.004145362,0.00047428042
122,5.75,1.94,0.274,-0.2,202.61,0.0741,0.02988,0.056388922,0.0014083646,-0.5637408,0.1470413,-0.5651038,0.14982755,-0.7118771,0.1789432,0.004145362,0.00047428042
122,5.75,1.94,0.274,-0.2,217.68,0.0586,0.025,0.062082574,0.0013775714,-0.5637408,0.1470413,-0.5651038,0.14982755,-0.7118771,0.1789432,0.004145362,0.00047428042
122,5.75,1.94,0.274,-0.2,232.74,0.0794,0.03241,0.07153045,0.0013147915,-0.5637408,0.1470413,-0.5651038,0.14982755,-0.7118771,0.1789432,0.004145362,0.00047428042
122,5.75,1.94,0.274,-0.2,247.79,0.0625,0.01401,0.0860102,0.0011968348,-0.5637408,0.1470413,-0.5651038,0.14982755,-0.7118771,0.1789432,0.004145362,0.00047428042
122,5.75,1.94,0.274,-0.2,262.84,0.0907,0.02038,0.1075736,0.0009894219,-0.5637408,0.1470413,-0.5651038,0.14982755,-0.7118771,0.1789432,0.004145362,0.00047428042
122,5.75,1.94,0.274,-0.2,277.88,0.1277,0.02744,0.13928138,0.0006670916,-0.5637408,0.1470413,-0.5651038,0.14982755,-0.7118771,0.1789432,0.004145362,0.00047428042
122,5.75,1.94,0.274,-0.2,292.9,0.1568,0.02496,0.1853247,0.0005144929,-0.5637408,0.1470413,-0.5651038,0.14982755,-0.7118771,0.1789432,0.004145362,0.00047428042
122,5.75,1.94,0.274,-0.2,307.91,0.24,0.03536,0.25032628,0.0013178438,-0.5637408,0.1470413,-0.5651038,0.14982755,-0.7118771,0.1789432,0.004145362,0.00047428042
122,5.75,1.94,0.274,-0.2,322.88,0.3524,0.03804,0.33533186,0.0027205541,-0.5637408,0.1470413,-0.5651038,0.14982755,-0.7118771,0.1789432,0.004145362,0.00047428042
122,5.75,1.94,0.274,-0.2,337.78,0.4428,0.04116,0.42826226,0.004361639,-0.5637408,0.1470413,-0.5651038,0.14982755,-0.7118771,0.1789432,0.004145362,0.00047428042
122,5.75,1.94,0.274,-0.2,352.61,0.482,0.04575,0.49452198,0.0055659283,-0.5637408,0.1470413,-0.5651038,0.14982755,-0.7118771,0.1789432,0.004145362,0.00047428042
123,5.75,1.94,0.274,-0.26,7.47,0.45,0.05372,0.47238305,0.00730143,-1.105361,0.19122203,-1.0156958,0.13646205,-1.2598217,0.20915145,0.0033597348,0.00053428207
123,5.75,1.94,0.274,-0.26,22.11,0.3698,0.03543,0.38178405,0.0051875417,-1.105361,0.19122203,-1.0156958,0.13646205,-1.2598217,0.20915145,0.0033597348,0.00053428207
123,5.75,1.94,0.274,-0.26,37.0,0.2619,0.02482,0.27300465,0.0027398355,-1.105361,0.19122203,-1.0156958,0.13646205,-1.2598217,0.20915145,0.0033597348,0.00053428207
123,5.75,1.94,0.274,-0.26,51.99,0.2121,0.02433,0.18926847,0.0010402853,-1.105361,0.19122203,-1.0156958,0.13646205,-1.2598217,0.20915145,0.0033597348,0.00053428207
123,5.75,1.94,0.274,-0.26,67.02,0.1333,0.0166,0.13363345,0.000551994,-1.105361,0.19122203,-1.0156958,0.13646205,-1.2598217,0.20915145,0.0033597348,0.00053428207
123,5.75,1.94,0.274,-0.26,82.07,0.0994,0.02169,0.097995415,0.00092684856,-1.105361,0.19122203,-1.0156958,0.13646205,-1.2598217,0.20915145,0.0033597348,0.00053428207
123,5.75,1.94,0.274,-0.26,97.12,0.0682,0.01287,0.07513933,0.0011903424,-1.105361,0.19122203,-1.0156958,0.13646205,-1.2598217,0.20915145,0.0033597348,0.00053428207
123,5.75,1.94,0.274,-0.26,112.19,0.0752,0.02028,0.060303487,0.0013232676,-1.105361,0.19122203,-1.0156958,0.13646205,-1.2598217,0.20915145,0.0033597348,0.00053428207
123,5.75,1.94,0.274,-0.26,127.25,0.0733,0.02737,0.05065693,0.0013811134,-1.105361,0.19122203,-1.0156958,0.13646205,-1.2598217,0.20915145,0.0033597348,0.00053428207
123,5.75,1.94,0.274,-0.26,142.31,0.0696,0.0575,0.04449253,0.0014013409,-1.105361,0.19122203,-1.0156958,0.13646205,-1.2598217,0.20915145,0.0033597348,0.00053428207
123,5.75,1.94,0.274,-0.26,157.39,0.0,0.0,0.040820796,0.0014055157,-1.105361,0.19122203,-1.0156958,0.13646205,-1.2598217,0.20915145,0.0033597348,0.00053428207
123,5.75,1.94,0.274,-0.26,172.46,0.0,0.0,0.03910713,0.0014051219,-1.105361,0.19122203,-1.0156958,0.13646205,-1.2598217,0.20915145,0.0033597348,0.00053428207
123,5.75,1.94,0.274,-0.26,187.54,0.0,0.0,0.03910713,0.0014051219,-1.105361,0.19122203,-1.0156958,0.13646205,-1.2598217,0.20915145,0.0033597348,0.00053428207
123,5.75,1.94,0.274,-0.26,202.61,0.0,0.0,0.040820796,0.0014055158,-1.105361,0.19122203,-1.0156958,0.13646205,-1.2598217,0.20915145,0.0033597348,0.00053428207
123,5.75,1.94,0.274,-0.26,217.69,0.0,0.0,0.04449253,0.001401341,-1.105361,0.19122203,-1.0156958,0.13646205,-1.2598217,0.20915145,0.0033597348,0.00053428207
123,5.75,1.94,0.274,-0.26,232.75,0.033,0.01876,0.05065693,0.0013811134,-1.105361,0.19122203,-1.0156958,0.13646205,-1.2598217,0.20915145,0.0033597348,0.00053428207
123,5.75,1.94,0.274,-0.26,247.81,0.0399,0.01745,0.060303487,0.0013232677,-1.105361,0.19122203,-1.0156958,0.13646205,-1.2598217,0.20915145,0.0033597348,0.00053428207
123,5.75,1.94,0.274,-0.26,262.88,0.0621,0.02183,0.07513933,0.0011903426,-1.105361,0.19122203,-1.0156958,0.13646205,-1.2598217,0.20915145,0.0033597348,0.00053428207
123,5.75,1.94,0.274,-0.26,277.93,0.1124,0.01573,0.09799531,0.00092684885,-1.105361,0.19122203,-1.0156958,0.13646205,-1.2598217,0.20915145,0.0033597348,0.00053428207
123,5.75,1.94,0.274,-0.26,292.98,0.1663,0.03315,0.13363345,0.00055199413,-1.105361,0.19122203,-1.0156958,0.13646205,-1.2598217,0.20915145,0.0033597348,0.00053428207
123,5.75,1.94,0.274,-0.26,308.01,0.2173,0.03418,0.18926828,0.0010402839,-1.105361,0.19122203,-1.0156958,0.13646205,-1.2598217,0.20915145,0.0033597348,0.00053428207
123,5.75,1.94,0.274,-0.26,323.0,0.2853,0.0304,0.2730045,0.002739832,-1.105361,0.19122203,-1.0156958,0.13646205,-1.2598217,0.20915145,0.0033597348,0.00053428207
123,5.75,1.94,0.274,-0.26,337.89,0.4111,0.03584,0.38178405,0.0051875417,-1.105361,0.19122203,-1.0156958,0.13646205,-1.2598217,0.20915145,0.0033597348,0.00053428207
123,5.75,1.94,0.274,-0.26,352.53,0.4757,0.0401,0.47238305,0.00730143,-1.105361,0.19122203,-1.0156958,0.13646205,-1.2598217,0.20915145,0.0033597348,0.00053428207
124,5.75,1.94,0.275,-0.34,7.9,0.5178,0.06862,0.43318826,0.017494813,-1.9948236,0.41929734,-1.6543543,0.3140605,-2.2906165,0.49284938,0.0018834807,0.0009192895
124,5.75,1.94,0.275,-0.34,22.4,0.3707,0.03305,0.31125537,0.010444755,-1.9948236,0.41929734,-1.6543543,0.3140605,-2.2906165,0.49284938,0.0018834807,0.0009192895
124,5.75,1.94,0.275,-0.34,36.83,0.2025,0.02407,0.20147775,0.004382867,-1.9948236,0.41929734,-1.6543543,0.3140605,-2.2906165,0.49284938,0.0018834807,0.0009192895
124,5.75,1.94,0.275,-0.34,51.88,0.1272,0.0158,0.13076483,0.0010792539,-1.9948236,0.41929734,-1.6543543,0.3140605,-2.2906165,0.49284938,0.0018834807,0.0009192895
124,5.75,1.94,0.275,-0.34,66.95,0.0933,0.01139,0.09012292,0.001319552,-1.9948236,0.41929734,-1.6543543,0.3140605,-2.2906165,0.49284938,0.0018834807,0.0009192895
124,5.75,1.94,0.275,-0.34,82.02,0.061,0.01033,0.06620596,0.0020034818,-1.9948236,0.41929734,-1.6543543,0.3140605,-2.2906165,0.49284938,0.0018834807,0.0009192895
124,5.75,1.94,0.275,-0.34,97.09,0.0382,0.01544,0.051546708,0.0022988303,-1.9948236,0.41929734,-1.6543543,0.3140605,-2.2906165,0.49284938,0.0018834807,0.0009192895
124,5.75,1.94,0.275,-0.34,112.16,0.0355,0.01168,0.042252365,0.0023891246,-1.9948236,0.41929734,-1.6543543,0.3140605,-2.2906165,0.49284938,0.0018834807,0.0009192895
124,5.75,1.94,0.275,-0.34,127.24,0.0221,0.02084,0.036254045,0.0023883537,-1.9948236,0.41929734,-1.6543543,0.3140605,-2.2906165,0.49284938,0.0018834807,0.0009192895
124,5.75,1.94,0.275,-0.34,142.31,0.0,0.0,0.032430816,0.002356214,-1.9948236,0.41929734,-1.6543543,0.3140605,-2.2906165,0.49284938,0.0018834807,0.0009192895
124,5.75,1.94,0.275,-0.34,157.39,0.0,0.0,0.030152012,0.002322977,-1.9948236,0.41929734,-1.6543543,0.3140605,-2.2906165,0.49284938,0.0018834807,0.0009192895
124,5.75,1.94,0.275,-0.34,172.46,0.0,0.0,0.02908643,0.00230339,-1.9948236,0.41929734,-1.6543543,0.3140605,-2.2906165,0.49284938,0.0018834807,0.0009192895
124,5.75,1.94,0.275,-0.34,187.54,0.0,0.0,0.02908643,0.00230339,-1.9948236,0.41929734,-1.6543543,0.3140605,-2.2906165,0.49284938,0.0018834807,0.0009192895
124,5.75,1.94,0.275,-0.34,202.61,0.0,0.0,0.030152008,0.0023229772,-1.9948236,0.41929734,-1.6543543,0.3140605,-2.2906165,0.49284938,0.0018834807,0.0009192895
124,5.75,1.94,0.275,-0.34,217.69,0.0,0.0,0.032430816,0.002356214,-1.9948236,0.41929734,-1.6543543,0.3140605,-2.2906165,0.49284938,0.0018834807,0.0009192895
124,5.75,1.94,0.275,-0.34,232.76,0.0512,0.02723,0.036254045,0.0023883542,-1.9948236,0.41929734,-1.6543543,0.3140605,-2.2906165,0.49284938,0.0018834807,0.0009192895
124,5.75,1.94,0.275,-0.34,247.84,0.0339,0.01388,0.042252365,0.0023891246,-1.9948236,0.41929734,-1.6543543,0.3140605,-2.2906165,0.49284938,0.0018834807,0.0009192895
124,5.75,1.94,0.275,-0.34,262.91,0.0618,0.01884,0.051546693,0.0022988312,-1.9948236,0.41929734,-1.6543543,0.3140605,-2.2906165,0.49284938,0.0018834807,0.0009192895
124,5.75,1.94,0.275,-0.34,277.98,0.0704,0.01126,0.06620596,0.0020034818,-1.9948236,0.41929734,-1.6543543,0.3140605,-2.2906165,0.49284938,0.0018834807,0.0009192895
124,5.75,1.94,0.275,-0.34,293.05,0.1013,0.01437,0.090122834,0.0013195538,-1.9948236,0.41929734,-1.6543543,0.3140605,-2.2906165,0.49284938,0.0018834807,0.0009192895
124,5.75,1.94,0.275,-0.34,308.12,0.1347,0.02566,0.13076483,0.0010792522,-1.9948236,0.41929734,-1.6543543,0.3140605,-2.2906165,0.49284938,0.0018834807,0.0009192895
124,5.75,1.94,0.275,-0.34,323.17,0.218,0.02677,0.20147789,0.0043828716,-1.9948236,0.41929734,-1.6543543,0.3140605,-2.2906165,0.49284938,0.0018834807,0.0009192895
124,5.75,1.94,0.275,-0.34,337.6,0.3271,0.03699,0.311255,0.010444741,-1.9948236,0.41929734,-1.6543543,0.3140605,-2.2906165,0.49284938,0.0018834807,0.0009192895
124,5.75,1.94,0.275,-0.34,352.1,0.5466,0.05146,0.43318826,0.017494814,-1.9948236,0.41929734,-1.6543543,0.3140605,-2.2906165,0.49284938,0.0018834807,0.0009192895
125,5.75,1.94,0.275,-0.45,9.6,0.0,0.0,0.44062805,0.13305189,-2.6050127,2.799401,-2.347015,2.5471478,-2.9657474,3.3432884,0.0011626831,0.0029504215
125,5.75,1.94,0.275,-0.45,23.78,0.2723,0.03657,0.24471024,0.05418537,-2.6050127,2.799401,-2.347015,2.5471478,-2.9657474,3.3432884,0.0011626831,0.0029504215
125,5.75,1.94,0.275,-0.45,36.63,0.1771,0.01754,0.1442838,0.016024359,-2.6050127,2.799401,-2.347015,2.5471478,-2.9657474,3.3432884,0.0011626831,0.0029504215
125,5.75,1.94,0.275,-0.45,51.76,0.0984,0.01054,0.08714896,0.0037875832,-2.6050127,2.799401,-2.347015,2.5471478,-2.9657474,3.3432884,0.0011626831,0.0029504215
125,5.75,1.94,0.275,-0.45,66.87,0.0628,0.01135,0.059017107,0.010425668,-2.6050127,2.799401,-2.347015,2.5471478,-2.9657474,3.3432884,0.0011626831,0.0029504215
125,5.75,1.94,0.275,-0.45,81.97,0.0461,0.01369,0.04360031,0.012682028,-2.6050127,2.799401,-2.347015,2.5471478,-2.9657474,3.3432884,0.0011626831,0.0029504215
125,5.75,1.94,0.275,-0.45,97.06,0.026,0.01026,0.034434598,0.013063376,-2.6050127,2.799401,-2.347015,2.5471478,-2.9657474,3.3432884,0.0011626831,0.0029504215
125,5.75,1.94,0.275,-0.45,112.14,0.0346,0.0139,0.028680915,0.012739441,-2.6050127,2.799401,-2.347015,2.5471478,-2.9657474,3.3432884,0.0011626831,0.0029504215
125,5.75,1.94,0.275,-0.45,127.22,0.0,0.0,0.024968086,0.012220788,-2.6050127,2.799401,-2.347015,2.5471478,-2.9657474,3.3432884,0.0011626831,0.0029504215
125,5.75,1.94,0.275,-0.45,142.31,0.0,0.0,0.022588596,0.011732421,-2.6050127,2.799401,-2.347015,2.5471478,-2.9657474,3.3432884,0.0011626831,0.0029504215
125,5.75,1.94,0.275,-0.45,157.37,0.0,0.0,0.02116715,0.011374405,-2.6050127,2.799401,-2.347015,2.5471478,-2.9657474,3.3432884,0.0011626831,0.0029504215
125,5.75,1.94,0.275,-0.45,172.45,0.0,0.0,0.020498374,0.011187398,-2.6050127,2.799401,-2.347015,2.5471478,-2.9657474,3.3432884,0.0011626831,0.0029504215
125,5.75,1.94,0.275,-0.45,187.55,0.0,0.0,0.020498374,0.011187398,-2.6050127,2.799401,-2.347015,2.5471478,-2.9657474,3.3432884,0.0011626831,0.0029504215
125,5.75,1.94,0.275,-0.45,202.63,0.0,0.0,0.021167152,0.011374406,-2.6050127,2.799401,-2.347015,2.5471478,-2.9657474,3.3432884,0.0011626831,0.0029504215
125,5.75,1.94,0.275,-0.45,217.69,0.0,0.0,0.022588596,0.011732423,-2.6050127,2.799401,-2.347015,2.5471478,-2.9657474,3.3432884,0.0011626831,0.0029504215
125,5.75,1.94,0.275,-0.45,232.78,0.0,0.0,0.024968086,0.012220788,-2.6050127,2.799401,-2.347015,2.5471478,-2.9657474,3.3432884,0.0011626831,0.0029504215
125,5.75,1.94,0.275,-0.45,247.86,0.0156,0.01113,0.028680911,0.01273944,-2.6050127,2.799401,-2.347015,2.5471478,-2.9657474,3.3432884,0.0011626831,0.0029504215
125,5.75,1.94,0.275,-0.45,262.94,0.0339,0.0073,0.034434594,0.013063379,-2.6050127,2.799401,-2.347015,2.5471478,-2.9657474,3.3432884,0.0011626831,0.0029504215
125,5.75,1.94,0.275,-0.45,278.03,0.0393,0.00742,0.04360031,0.012682028,-2.6050127,2.799401,-2.347015,2.5471478,-2.9657474,3.3432884,0.0011626831,0.0029504215
125,5.75,1.94,0.275,-0.45,293.13,0.0706,0.00929,0.059017092,0.010425669,-2.6050127,2.799401,-2.347015,2.5471478,-2.9657474,3.3432884,0.0011626831,0.0029504215
125,5.75,1.94,0.275,-0.45,308.24,0.0993,0.01177,0.087148875,0.003787598,-2.6050127,2.799401,-2.347015,2.5471478,-2.9657474,3.3432884,0.0011626831,0.0029504215
125,5.75,1.94,0.275,-0.45,323.37,0.1604,0.02181,0.1442838,0.016024359,-2.6050127,2.799401,-2.347015,2.5471478,-2.9657474,3.3432884,0.0011626831,0.0029504215
125,5.75,1.94,0.275,-0.45,336.22,0.3264,0.02643,0.24471027,0.05418534,-2.6050127,2.799401,-2.347015,2.5471478,-2.9657474,3.3432884,0.0011626831,0.0029504215
125,5.75,1.94,0.275,-0.45,350.4,0.0,0.0,0.440627,0.13305153,-2.6050127,2.799401,-2.347015,2.5471478,-2.9657474,3.3432884,0.0011626831,0.0029504215
126,5.75,2.35,0.274,-0.11,7.49,0.6703,0.07934,0.617026,0.0042131566,-1.1816741,0.16895843,-1.0501401,0.16142704,-1.5880488,0.19467367,0.0017948729,0.00040907876
126,5.75,2.35,0.274,-0.11,22.51,0.6117,0.06293,0.58364207,0.0037368096,-1.1816741,0.16895843,-1.0501401,0.16142704,-1.5880488,0.19467367,0.0017948729,0.00040907876
126,5.75,2.35,0.274,-0.11,37.42,0.4804,0.05675,0.52715284,0.0029402606,-1.1816741,0.16895843,-1.0501401,0.16142704,-1.5880488,0.19467367,0.0017948729,0.00040907876
126,5.75,2.35,0.274,-0.11,52.31,0.3692,0.05419,0.4608039,0.0020258408,-1.1816741,0.16895843,-1.0501401,0.16142704,-1.5880488,0.19467367,0.0017948729,0.00040907876
126,5.75,2.35,0.274,-0.11,67.29,0.327,0.06502,0.39502677,0.0011612086,-1.1816741,0.16895843,-1.0501401,0.16142704,-1.5880488,0.19467367,0.0017948729,0.00040907876
126,5.75,2.35,0.274,-0.11,82.29,0.3249,0.08379,0.33656603,0.00052251876,-1.1816741,0.16895843,-1.0501401,0.16142704,-1.5880488,0.19467367,0.0017948729,0.00040907876
126,5.75,2.35,0.274,-0.11,97.3,0.2333,0.07258,0.2880234,0.0005327238,-1.1816741,0.16895843,-1.0501401,0.16142704,-1.5880488,0.19467367,0.0017948729,0.00040907876
126,5.75,2.35,0.274,-0.11,112.32,0.0,0.0,0.24964526,0.00090175954,-1.1816741,0.16895843,-1.0501401,0.16142704,-1.5880488,0.19467367,0.0017948729,0.00040907876
126,5.75,2.35,0.274,-0.11,127.35,0.0,0.0,0.22065744,0.0012166915,-1.1816741,0.16895843,-1.0501401,0.16142704,-1.5880488,0.19467367,0.0017948729,0.00040907876
126,5.75,2.35,0.274,-0.11,142.39,0.0,0.0,0.20002373,0.0014408579,-1.1816741,0.16895843,-1.0501401,0.16142704,-1.5880488,0.19467367,0.0017948729,0.00040907876
126,5.75,2.35,0.274,-0.11,157.43,0.0,0.0,0.18682574,0.0015819106,-1.1816741,0.16895843,-1.0501401,0.16142704,-1.5880488,0.19467367,0.0017948729,0.00040907876
126,5.75,2.35,0.274,-0.11,172.48,0.0,0.0,0.18039322,0.0016497028,-1.1816741,0.16895843,-1.0501401,0.16142704,-1.5880488,0.19467367,0.0017948729,0.00040907876
126,5.75,2.35,0.274,-0.11,187.52,0.0,0.0,0.18039322,0.0016497028,-1.1816741,0.16895843,-1.0501401,0.16142704,-1.5880488,0.19467367,0.0017948729,0.00040907876
126,5.75,2.35,0.274,-0.11,202.57,0.0,0.0,0.18682571,0.0015819105,-1.1816741,0.16895843,-1.0501401,0.16142704,-1.5880488,0.19467367,0.0017948729,0.00040907876
126,5.75,2.35,0.274,-0.11,217.61,0.0,0.0,0.20002373,0.0014408578,-1.1816741,0.16895843,-1.0501401,0.16142704,-1.5880488,0.19467367,0.0017948729,0.00040907876
126,5.75,2.35,0.274,-0.11,232.65,0.0,0.0,0.22065742,0.0012166922,-1.1816741,0.16895843,-1.0501401,0.16142704,-1.5880488,0.19467367,0.0017948729,0.00040907876
126,5.75,2.35,0.274,-0.11,247.68,0.0,0.0,0.24964523,0.00090175983,-1.1816741,0.16895843,-1.0501401,0.16142704,-1.5880488,0.19467367,0.0017948729,0.00040907876
126,5.75,2.35,0.274,-0.11,262.7,0.0,0.0,0.2880234,0.0005327238,-1.1816741,0.16895843,-1.0501401,0.16142704,-1.5880488,0.19467367,0.0017948729,0.00040907876
126,5.75,2.35,0.274,-0.11,277.71,0.294,0.06924,0.33656597,0.00052251853,-1.1816741,0.16895843,-1.0501401,0.16142704,-1.5880488,0.19467367,0.0017948729,0.00040907876
126,5.75,2.35,0.274,-0.11,292.71,0.3755,0.077,0.39502612,0.0011612066,-1.1816741,0.16895843,-1.0501401,0.16142704,-1.5880488,0.19467367,0.0017948729,0.00040907876
126,5.75,2.35,0.274,-0.11,307.69,0.5039,0.06873,0.4608031,0.0020258364,-1.1816741,0.16895843,-1.0501401,0.16142704,-1.5880488,0.19467367,0.0017948729,0.00040907876
126,5.75,2.35,0.274,-0.11,322.58,0.6222,0.08908,0.52715284,0.0029402606,-1.1816741,0.16895843,-1.0501401,0.16142704,-1.5880488,0.19467367,0.0017948729,0.00040907876
126,5.75,2.35,0.274,-0.11,337.49,0.572,0.05625,0.58364207,0.003736809,-1.1816741,0.16895843,-1.0501401,0.16142704,-1.5880488,0.19467367,0.0017948729,0.00040907876
126,5.75,2.35,0.274,-0.11,352.51,0.5516,0.07491,0.6170259,0.0042131566,-1.1816741,0.16895843,-1.0501401,0.16142704,-1.5880488,0.19467367,0.0017948729,0.00040907876
127,5.75,2.35,0.275,-0.15,7.54,0.7414,0.1017,0.73125976,0.004548441,-1.34073,0.1450036,-1.1251471,0.12294109,-1.4971803,0.1480422,0.0009081061,0.00038871923
127,5.75,2.35,0.275,-0.15,22.53,0.7748,0.08097,0.656013,0.003753959,-1.34073,0.1450036,-1.1251471,0.12294109,-1.4971803,0.1480422,0.0009081061,0.00038871923
127,5.75,2.35,0.275,-0.15,37.55,0.6132,0.05169,0.5438744,0.002589386,-1.34073,0.1450036,-1.1251471,0.12294109,-1.4971803,0.1480422,0.0009081061,0.00038871923
127,5.75,2.35,0.275,-0.15,52.38,0.4426,0.03975,0.4344116,0.0014930499,-1.34073,0.1450036,-1.1251471,0.12294109,-1.4971803,0.1480422,0.0009081061,0.00038871923
127,5.75,2.35,0.275,-0.15,67.17,0.3317,0.04083,0.34374577,0.00067379716,-1.34073,0.1450036,-1.1251471,0.12294109,-1.4971803,0.1480422,0.0009081061,0.00038871923
127,5.75,2.35,0.275,-0.15,82.19,0.249,0.03122,0.27338043,0.00041282503,-1.34073,0.1450036,-1.1251471,0.12294109,-1.4971803,0.1480422,0.0009081061,0.00038871923
127,5.75,2.35,0.275,-0.15,97.22,0.2742,0.03375,0.22176138,0.0006947762,-1.34073,0.1450036,-1.1251471,0.12294109,-1.4971803,0.1480422,0.0009081061,0.00038871923
127,5.75,2.35,0.275,-0.15,112.26,0.1408,0.02609,0.18472998,0.00095941016,-1.34073,0.1450036,-1.1251471,0.12294109,-1.4971803,0.1480422,0.0009081061,0.00038871923
127,5.75,2.35,0.275,-0.15,127.31,0.0,0.0,0.15874575,0.0011410692,-1.34073,0.1450036,-1.1251471,0.12294109,-1.4971803,0.1480422,0.0009081061,0.00038871923
127,5.75,2.35,0.275,-0.15,142.36,0.0,0.0,0.1412254,0.0012565579,-1.34073,0.1450036,-1.1251471,0.12294109,-1.4971803,0.1480422,0.0009081061,0.00038871923
127,5.75,2.35,0.275,-0.15,157.41,0.0,0.0,0.13041663,0.0013237504,-1.34073,0.1450036,-1.1251471,0.12294109,-1.4971803,0.1480422,0.0009081061,0.00038871923
127,5.75,2.35,0.275,-0.15,172.47,0.0,0.0,0.12525697,0.0013545095,-1.34073,0.1450036,-1.1251471,0.12294109,-1.4971803,0.1480422,0.0009081061,0.00038871923
127,5.75,2.35,0.275,-0.15,187.53,0.0,0.0,0.12525699,0.0013545097,-1.34073,0.1450036,-1.1251471,0.12294109,-1.4971803,0.1480422,0.0009081061,0.00038871923
127,5.75,2.35,0.275,-0.15,202.59,0.0,0.0,0.13041663,0.0013237504,-1.34073,0.1450036,-1.1251471,0.12294109,-1.4971803,0.1480422,0.0009081061,0.00038871923
127,5.75,2.35,0.275,-0.15,217.64,0.0,0.0,0.1412254,0.0012565583,-1.34073,0.1450036,-1.1251471,0.12294109,-1.4971803,0.1480422,0.0009081061,0.00038871923
127,5.75,2.35,0.275,-0.15,232.69,0.0,0.0,0.15874575,0.0011410692,-1.34073,0.1450036,-1.1251471,0.12294109,-1.4971803,0.1480422,0.0009081061,0.00038871923
127,5.75,2.35,0.275,-0.15,247.74,0.1942,0.03642,0.18472998,0.00095941056,-1.34073,0.1450036,-1.1251471,0.12294109,-1.4971803,0.1480422,0.0009081061,0.00038871923
127,5.75,2.35,0.275,-0.15,262.78,0.2109,0.02928,0.22176135,0.0006947769,-1.34073,0.1450036,-1.1251471,0.12294109,-1.4971803,0.1480422,0.0009081061,0.00038871923
127,5.75,2.35,0.275,-0.15,277.81,0.2595,0.02886,0.27338046,0.0004128249,-1.34073,0.1450036,-1.1251471,0.12294109,-1.4971803,0.1480422,0.0009081061,0.00038871923
127,5.75,2.35,0.275,-0.15,292.83,0.2928,0.03206,0.34374577,0.00067379675,-1.34073,0.1450036,-1.1251471,0.12294109,-1.4971803,0.1480422,0.0009081061,0.00038871923
127,5.75,2.35,0.275,-0.15,307.62,0.5042,0.04649,0.4344116,0.0014930496,-1.34073,0.1450036,-1.1251471,0.12294109,-1.4971803,0.1480422,0.0009081061,0.00038871923
127,5.75,2.35,0.275,-0.15,322.45,0.5972,0.05518,0.5438744,0.002589386,-1.34073,0.1450036,-1.1251471,0.12294109,-1.4971803,0.1480422,0.0009081061,0.00038871923
127,5.75,2.35,0.275,-0.15,337.47,0.7942,0.07628,0.6560131,0.003753958,-1.34073,0.1450036,-1.1251471,0.12294109,-1.4971803,0.1480422,0.0009081061,0.00038871923
127,5.75,2.35,0.275,-0.15,352.46,0.7004,0.0867,0.73125976,0.004548441,-1.34073,0.1450036,-1.1251471,0.12294109,-1.4971803,0.1480422,0.0009081061,0.00038871923
128,5.75,2.35,0.275,-0.2,7.61,1.0196,0.12983,0.80152833,0.006472727,-1.3369625,0.17245963,-1.1704376,0.13924335,-1.489621,0.18344977,0.0011569513,0.0004073128
128,5.75,2.35,0.275,-0.2,22.79,0.6189,0.06896,0.6601289,0.0047886623,-1.3369625,0.17245963,-1.1704376,0.13924335,-1.489621,0.18344977,0.0011569513,0.0004073128
128,5.75,2.35,0.275,-0.2,37.67,0.5767,0.06118,0.4908756,0.002810427,-1.3369625,0.17245963,-1.1704376,0.13924335,-1.489621,0.18344977,0.0011569513,0.0004073128
128,5.75,2.35,0.275,-0.2,52.38,0.366,0.03444,0.35646924,0.0013111001,-1.3369625,0.17245963,-1.1704376,0.13924335,-1.489621,0.18344977,0.0011569513,0.0004073128
128,5.75,2.35,0.275,-0.2,67.08,0.2377,0.03008,0.26236066,0.00045970007,-1.3369625,0.17245963,-1.1704376,0.13924335,-1.489621,0.18344977,0.0011569513,0.0004073128
128,5.75,2.35,0.275,-0.2,82.13,0.2327,0.02893,0.19769245,0.0005823665,-1.3369625,0.17245963,-1.1704376,0.13924335,-1.489621,0.18344977,0.0011569513,0.0004073128
128,5.75,2.35,0.275,-0.2,97.18,0.1494,0.02516,0.1546436,0.00090837,-1.3369625,0.17245963,-1.1704376,0.13924335,-1.489621,0.18344977,0.0011569513,0.0004073128
128,5.75,2.35,0.275,-0.2,112.23,0.1085,0.01747,0.12584162,0.0011207522,-1.3369625,0.17245963,-1.1704376,0.13924335,-1.489621,0.18344977,0.0011569513,0.0004073128
128,5.75,2.35,0.275,-0.2,127.29,0.066,0.01566,0.106600784,0.0012466052,-1.3369625,0.17245963,-1.1704376,0.13924335,-1.489621,0.18344977,0.0011569513,0.0004073128
128,5.75,2.35,0.275,-0.2,142.34,0.0717,0.01828,0.094070874,0.0013176742,-1.3369625,0.17245963,-1.1704376,0.13924335,-1.489621,0.18344977,0.0011569513,0.0004073128
128,5.75,2.35,0.275,-0.2,157.41,0.106,0.03188,0.08650359,0.0013551415,-1.3369625,0.17245963,-1.1704376,0.13924335,-1.489621,0.18344977,0.0011569513,0.0004073128
128,5.75,2.35,0.275,-0.2,172.47,0.059,0.01404,0.082943164,0.0013710929,-1.3369625,0.17245963,-1.1704376,0.13924335,-1.489621,0.18344977,0.0011569513,0.0004073128
128,5.75,2.35,0.275,-0.2,187.53,0.0,0.0,0.082943164,0.0013710929,-1.3369625,0.17245963,-1.1704376,0.13924335,-1.489621,0.18344977,0.0011569513,0.0004073128
128,5.75,2.35,0.275,-0.2,202.59,0.0854,0.01659,0.08650359,0.0013551416,-1.3369625,0.17245963,-1.1704376,0.13924335,-1.489621,0.18344977,0.0011569513,0.0004073128
128,5.75,2.35,0.275,-0.2,217.66,0.1009,0.01866,0.09407086,0.0013176743,-1.3369625,0.17245963,-1.1704376,0.13924335,-1.489621,0.18344977,0.0011569513,0.0004073128
128,5.75,2.35,0.275,-0.2,232.71,0.0919,0.01846,0.106600784,0.0012466052,-1.3369625,0.17245963,-1.1704376,0.13924335,-1.489621,0.18344977,0.0011569513,0.0004073128
128,5.75,2.35,0.275,-0.2,247.77,0.1121,0.02791,0.12584162,0.0011207523,-1.3369625,0.17245963,-1.1704376,0.13924335,-1.489621,0.18344977,0.0011569513,0.0004073128
128,5.75,2.35,0.275,-0.2,262.82,0.1702,0.0194,0.1546436,0.0009083704,-1.3369625,0.17245963,-1.1704376,0.13924335,-1.489621,0.18344977,0.0011569513,0.0004073128
128,5.75,2.35,0.275,-0.2,277.87,0.1965,0.02475,0.1976923,0.0005823668,-1.3369625,0.17245963,-1.1704376,0.13924335,-1.489621,0.18344977,0.0011569513,0.0004073128
128,5.75,2.35,0.275,-0.2,292.92,0.2932,0.03314,0.26236066,0.00045970007,-1.3369625,0.17245963,-1.1704376,0.13924335,-1.489621,0.18344977,0.0011569513,0.0004073128
128,5.75,2.35,0.275,-0.2,307.62,0.4239,0.05235,0.35646853,0.0013110975,-1.3369625,0.17245963,-1.1704376,0.13924335,-1.489621,0.18344977,0.0011569513,0.0004073128
128,5.75,2.35,0.275,-0.2,322.33,0.5011,0.04626,0.49087554,0.0028104251,-1.3369625,0.17245963,-1.1704376,0.13924335,-1.489621,0.18344977,0.0011569513,0.0004073128
128,5.75,2.35,0.275,-0.2,337.21,0.8258,0.10036,0.6601278,0.0047886544,-1.3369625,0.17245963,-1.1704376,0.13924335,-1.489621,0.18344977,0.0011569513,0.0004073128
128,5.75,2.35,0.275,-0.2,352.39,0.9405,0.10058,0.80152833,0.006472727,-1.3369625,0.17245963,-1.1704376,0.13924335,-1.489621,0.18344977,0.0011569513,0.0004073128
129,5.75,2.35,0.275,-0.26,8.25,0.0,0.0,0.8878796,0.014273255,-0.8760387,0.32179248,-0.8282219,0.2793305,-0.97471046,0.36245176,0.0011339979,0.00045566325
129,5.75,2.35,0.275,-0.26,23.32,0.7787,0.079,0.6330908,0.008841878,-0.8760387,0.32179248,-0.8282219,0.2793305,-0.97471046,0.36245176,0.0011339979,0.00045566325
129,5.75,2.35,0.275,-0.26,37.74,0.5176,0.04712,0.41161272,0.00420727,-0.8760387,0.32179248,-0.8282219,0.2793305,-0.97471046,0.36245176,0.0011339979,0.00045566325
129,5.75,2.35,0.275,-0.26,52.32,0.2894,0.02671,0.26927522,0.0013756353,-0.8760387,0.32179248,-0.8282219,0.2793305,-0.97471046,0.36245176,0.0011339979,0.00045566325
129,5.75,2.35,0.275,-0.26,67.02,0.1906,0.02256,0.18396114,0.0005296324,-0.8760387,0.32179248,-0.8282219,0.2793305,-0.97471046,0.36245176,0.0011339979,0.00045566325
129,5.75,2.35,0.275,-0.26,82.08,0.1383,0.01817,0.13151658,0.0012758486,-0.8760387,0.32179248,-0.8282219,0.2793305,-0.97471046,0.36245176,0.0011339979,0.00045566325
129,5.75,2.35,0.275,-0.26,97.15,0.1026,0.01312,0.09917015,0.0017274076,-0.8760387,0.32179248,-0.8282219,0.2793305,-0.97471046,0.36245176,0.0011339979,0.00045566325
129,5.75,2.35,0.275,-0.26,112.21,0.0914,0.01121,0.0786694,0.0019636308,-0.8760387,0.32179248,-0.8282219,0.2793305,-0.97471046,0.36245176,0.0011339979,0.00045566325
129,5.75,2.35,0.275,-0.26,127.28,0.077,0.01601,0.06548152,0.0020805958,-0.8760387,0.32179248,-0.8282219,0.2793305,-0.97471046,0.36245176,0.0011339979,0.00045566325
129,5.75,2.35,0.275,-0.26,142.34,0.0595,0.01217,0.05711876,0.0021342216,-0.8760387,0.32179248,-0.8282219,0.2793305,-0.97471046,0.36245176,0.0011339979,0.00045566325
129,5.75,2.35,0.275,-0.26,157.4,0.042,0.00953,0.05216259,0.0021562318,-0.8760387,0.32179248,-0.8282219,0.2793305,-0.97471046,0.36245176,0.0011339979,0.00045566325
129,5.75,2.35,0.275,-0.26,172.47,0.0524,0.01688,0.049850725,0.0021635543,-0.8760387,0.32179248,-0.8282219,0.2793305,-0.97471046,0.36245176,0.0011339979,0.00045566325
129,5.75,2.35,0.275,-0.26,187.53,0.0569,0.02393,0.049850725,0.0021635543,-0.8760387,0.32179248,-0.8282219,0.2793305,-0.97471046,0.36245176,0.0011339979,0.00045566325
129,5.75,2.35,0.275,-0.26,202.6,0.0572,0.01352,0.052162595,0.002156232,-0.8760387,0.32179248,-0.8282219,0.2793305,-0.97471046,0.36245176,0.0011339979,0.00045566325
129,5.75,2.35,0.275,-0.26,217.66,0.0597,0.01245,0.05711876,0.0021342216,-0.8760387,0.32179248,-0.8282219,0.2793305,-0.97471046,0.36245176,0.0011339979,0.00045566325
129,5.75,2.35,0.275,-0.26,232.72,0.059,0.01316,0.06548152,0.0020805958,-0.8760387,0.32179248,-0.8282219,0.2793305,-0.97471046,0.36245176,0.0011339979,0.00045566325
129,5.75,2.35,0.275,-0.26,247.79,0.0886,0.01223,0.07866941,0.0019636312,-0.8760387,0.32179248,-0.8282219,0.2793305,-0.97471046,0.36245176,0.0011339979,0.00045566325
129,5.75,2.35,0.275,-0.26,262.85,0.0902,0.01164,0.09917015,0.0017274084,-0.8760387,0.32179248,-0.8282219,0.2793305,-0.97471046,0.36245176,0.0011339979,0.00045566325
129,5.75,2.35,0.275,-0.26,277.92,0.1639,0.02003,0.13151672,0.0012758493,-0.8760387,0.32179248,-0.8282219,0.2793305,-0.97471046,0.36245176,0.0011339979,0.00045566325
129,5.75,2.35,0.275,-0.26,292.98,0.1946,0.02626,0.18396114,0.0005296328,-0.8760387,0.32179248,-0.8282219,0.2793305,-0.97471046,0.36245176,0.0011339979,0.00045566325
129,5.75,2.35,0.275,-0.26,307.68,0.3165,0.03333,0.26927522,0.0013756336,-0.8760387,0.32179248,-0.8282219,0.2793305,-0.97471046,0.36245176,0.0011339979,0.00045566325
129,5.75,2.35,0.275,-0.26,322.26,0.4857,0.04822,0.41161272,0.004207272,-0.8760387,0.32179248,-0.8282219,0.2793305,-0.97471046,0.36245176,0.0011339979,0.00045566325
129,5.75,2.35,0.275,-0.26,336.68,0.7429,0.1021,0.6330908,0.008841876,-0.8760387,0.32179248,-0.8282219,0.2793305,-0.97471046,0.36245176,0.0011339979,0.00045566325
129,5.75,2.35,0.275,-0.26,351.75,0.0,0.0,0.8878796,0.014273252,-0.8760387,0.32179248,-0.8282219,0.2793305,-0.97471046,0.36245176,0.0011339979,0.00045566325
130,5.75,2.35,0.275,-0.34,10.63,0.0,0.0,0.9462231,0.038738664,-1.4252356,0.7865887,-1.2495337,0.583883,-1.559709,0.81195176,0.000795601,0.0006929458
130,5.75,2.35,0.275,-0.34,25.61,0.0,0.0,0.50465953,0.01668317,-1.4252356,0.7865887,-1.2495337,0.583883,-1.559709,0.81195176,0.000795601,0.0006929458
130,5.75,2.35,0.275,-0.34,38.16,0.349,0.0318,0.29832435,0.0066009257,-1.4252356,0.7865887,-1.2495337,0.583883,-1.559709,0.81195176,0.000795601,0.0006929458
130,5.75,2.35,0.275,-0.34,52.21,0.2235,0.02088,0.18095666,0.0012256553,-1.4252356,0.7865887,-1.2495337,0.583883,-1.559709,0.81195176,0.000795601,0.0006929458
130,5.75,2.35,0.275,-0.34,66.95,0.1259,0.01446,0.1178006,0.0016594063,-1.4252356,0.7865887,-1.2495337,0.583883,-1.559709,0.81195176,0.000795601,0.0006929458
130,5.75,2.35,0.275,-0.34,82.04,0.0863,0.0121,0.08246842,0.0028824818,-1.4252356,0.7865887,-1.2495337,0.583883,-1.559709,0.81195176,0.000795601,0.0006929458
130,5.75,2.35,0.275,-0.34,97.12,0.0603,0.00997,0.06187702,0.00343552,-1.4252356,0.7865887,-1.2495337,0.583883,-1.559709,0.81195176,0.000795601,0.0006929458
130,5.75,2.35,0.275,-0.34,112.19,0.0546,0.00796,0.04925265,0.0036586102,-1.4252356,0.7865887,-1.2495337,0.583883,-1.559709,0.81195176,0.000795601,0.0006929458
130,5.75,2.35,0.275,-0.34,127.26,0.0523,0.00837,0.04129939,0.0037258198,-1.4252356,0.7865887,-1.2495337,0.583883,-1.559709,0.81195176,0.000795601,0.0006929458
130,5.75,2.35,0.275,-0.34,142.33,0.0293,0.00778,0.03631393,0.003726731,-1.4252356,0.7865887,-1.2495337,0.583883,-1.559709,0.81195176,0.000795601,0.0006929458
130,5.75,2.35,0.275,-0.34,157.4,0.0393,0.00916,0.03338072,0.003708183,-1.4252356,0.7865887,-1.2495337,0.583883,-1.559709,0.81195176,0.000795601,0.0006929458
130,5.75,2.35,0.275,-0.34,172.46,0.0332,0.00922,0.032018982,0.0036939227,-1.4252356,0.7865887,-1.2495337,0.583883,-1.559709,0.81195176,0.000795601,0.0006929458
130,5.75,2.35,0.275,-0.34,187.54,0.029,0.00954,0.032018982,0.0036939227,-1.4252356,0.7865887,-1.2495337,0.583883,-1.559709,0.81195176,0.000795601,0.0006929458
130,5.75,2.35,0.275,-0.34,202.6,0.0284,0.0068,0.0333807,0.003708181,-1.4252356,0.7865887,-1.2495337,0.583883,-1.559709,0.81195176,0.000795601,0.0006929458
130,5.75,2.35,0.275,-0.34,217.67,0.0457,0.00905,0.03631393,0.003726732,-1.4252356,0.7865887,-1.2495337,0.583883,-1.559709,0.81195176,0.000795601,0.0006929458
130,5.75,2.35,0.275,-0.34,232.74,0.042,0.00994,0.04129939,0.0037258198,-1.4252356,0.7865887,-1.2495337,0.583883,-1.559709,0.81195176,0.000795601,0.0006929458
130,5.75,2.35,0.275,-0.34,247.81,0.0616,0.00963,0.04925264,0.0036586088,-1.4252356,0.7865887,-1.2495337,0.583883,-1.559709,0.81195176,0.000795601,0.0006929458
130,5.75,2.35,0.275,-0.34,262.88,0.0801,0.01167,0.061877023,0.0034355216,-1.4252356,0.7865887,-1.2495337,0.583883,-1.559709,0.81195176,0.000795601,0.0006929458
130,5.75,2.35,0.275,-0.34,277.96,0.0944,0.01402,0.08246839,0.0028824836,-1.4252356,0.7865887,-1.2495337,0.583883,-1.559709,0.81195176,0.000795601,0.0006929458
130,5.75,2.35,0.275,-0.34,293.05,0.108,0.01361,0.117800415,0.0016594093,-1.4252356,0.7865887,-1.2495337,0.583883,-1.559709,0.81195176,0.000795601,0.0006929458
130,5.75,2.35,0.275,-0.34,307.79,0.2196,0.022,0.18095668,0.001225658,-1.4252356,0.7865887,-1.2495337,0.583883,-1.559709,0.81195176,0.000795601,0.0006929458
130,5.75,2.35,0.275,-0.34,321.84,0.3556,0.0308,0.29832435,0.0066009234,-1.4252356,0.7865887,-1.2495337,0.583883,-1.559709,0.81195176,0.000795601,0.0006929458
130,5.75,2.35,0.275,-0.34,334.39,0.0,0.0,0.50465953,0.016683178,-1.4252356,0.7865887,-1.2495337,0.583883,-1.559709,0.81195176,0.000795601,0.0006929458
130,5.75,2.35,0.275,-0.34,349.37,0.0,0.0,0.9462231,0.038738653,-1.4252356,0.7865887,-1.2495337,0.583883,-1.559709,0.81195176,0.000795601,0.0006929458
